,Query,Match,HMDB,PubChem,ChEBI,KEGG,METLIN,SMILES,Comment
0,HMDB0000008,2-Hydroxybutyric acid,HMDB0000008,440864.0,50613.0,C05984,3783.0,CC[C@H](O)C(O)=O,1
1,HMDB0000010,2-Methoxyestrone,HMDB0000010,440624.0,1189.0,C05299,2578.0,[H][C@@]12CCC(=O)[C@@]1(C)CC[C@]1([H])C3=C(CC[C@@]21[H])C=C(O)C(OC)=C3,1
2,HMDB0000011,3-Hydroxybutyric acid,HMDB0000011,441.0,17066.0,C01089,,C[C@@H](O)CC(O)=O,1
3,HMDB0000012,Deoxyuridine,HMDB0000012,13712.0,16450.0,C00526,5086.0,OC[C@H]1O[C@H](C[C@@H]1O)N1C=CC(=O)NC1=O,1
4,HMDB0000014,Deoxycytidine,HMDB0000014,13711.0,15698.0,C00881,3367.0,NC1=NC(=O)N(C=C1)[C@H]1C[C@H](O)[C@@H](CO)O1,1
5,HMDB0000015,Cortexolone,HMDB0000015,440707.0,28324.0,C05488,5088.0,[H][C@@]12CC[C@](O)(C(=O)CO)[C@@]1(C)CC[C@@]1([H])[C@@]2([H])CCC2=CC(=O)CC[C@]12C,1
6,HMDB0000016,Deoxycorticosterone,HMDB0000016,6166.0,16973.0,C03205,5089.0,[H][C@@]12CC[C@H](C(=O)CO)[C@@]1(C)CC[C@@]1([H])[C@@]2([H])CCC2=CC(=O)CC[C@]12C,1
7,HMDB0000017,4-Pyridoxic acid,HMDB0000017,6723.0,17405.0,C00847,239.0,CC1=NC=C(CO)C(C(O)=O)=C1O,1
8,HMDB0000019,alpha-Ketoisovaleric acid,HMDB0000019,49.0,16530.0,C00141,5091.0,CC(C)C(=O)C(O)=O,1
9,HMDB0000020,p-Hydroxyphenylacetic acid,HMDB0000020,127.0,18101.0,C00642,130.0,OC(=O)CC1=CC=C(O)C=C1,1
10,HMDB0000030,Biotin,HMDB0000030,171548.0,15956.0,C00120,243.0,[H][C@]12CS[C@@H](CCCCC(O)=O)[C@@]1([H])NC(=O)N2,1
11,HMDB0000031,Androsterone,HMDB0000031,5879.0,16032.0,C00523,2797.0,[H][C@@]12CCC(=O)[C@@]1(C)CC[C@@]1([H])[C@@]2([H])CC[C@@]2([H])C[C@H](O)CC[C@]12C,1
12,HMDB0000032,7-Dehydrocholesterol,HMDB0000032,439423.0,17759.0,C01164,5101.0,[H][C@@]1(CC[C@@]2([H])C3=CC=C4C[C@@H](O)CC[C@]4(C)[C@@]3([H])CC[C@]12C)[C@H](C)CCCC(C)C,1
13,HMDB0000034,Adenine,HMDB0000034,190.0,16708.0,C00147,85.0,NC1=C2NC=NC2=NC=N1,1
14,HMDB0000036,Taurocholic acid,HMDB0000036,6675.0,28865.0,C05122,5104.0,[H][C@@]1(CC[C@@]2([H])[C@]3([H])[C@H](O)C[C@]4([H])C[C@H](O)CC[C@]4(C)[C@@]3([H])C[C@H](O)[C@]12C)[C@H](C)CCC(=O)NCCS(O)(=O)=O,1
15,HMDB0000037,Aldosterone,HMDB0000037,5839.0,27584.0,C01780,418.0,[H][C@@]12CC[C@H](C(=O)CO)[C@]1(C[C@H](O)[C@@]1([H])[C@@]2([H])CCC2=CC(=O)CC[C@]12C)C=O,1
16,HMDB0000039,Butyric acid,HMDB0000039,264.0,30772.0,C00246,107.0,CCCC(O)=O,1
17,HMDB0000042,Acetic acid,HMDB0000042,176.0,15366.0,C00033,3206.0,CC(O)=O,1
18,HMDB0000043,Betaine,HMDB0000043,247.0,41139.0,C00719,287.0,C[N+](C)(C)CC(O)=O,1
19,HMDB0000044,Ascorbic acid,HMDB0000044,54670067.0,29073.0,C00072,3753.0,[H][C@@]1(OC(=O)C(O)=C1O)[C@@H](O)CO,1
20,HMDB0000045,Adenosine monophosphate,HMDB0000045,6083.0,16027.0,C00020,5111.0,NC1=C2N=CN([C@@H]3O[C@H](COP(O)(O)=O)[C@@H](O)[C@H]3O)C2=NC=N1,1
21,HMDB0000050,Adenosine,HMDB0000050,60961.0,16335.0,C00212,86.0,NC1=C2N=CN([C@@H]3O[C@H](CO)[C@@H](O)[C@H]3O)C2=NC=N1,1
22,HMDB0000053,Androstenedione,HMDB0000053,6128.0,16422.0,C00280,2795.0,[H][C@@]12CCC(=O)[C@@]1(C)CC[C@@]1([H])[C@@]2([H])CCC2=CC(=O)CC[C@]12C,1
23,HMDB0000054,Bilirubin,HMDB0000054,5280352.0,16990.0,C00486,81.0,CC1=C(C=C)\C(NC1=O)=C\C1=C(C)C(CCC(O)=O)=C(CC2=C(CCC(O)=O)C(C)=C(N2)\C=C2/NC(=O)C(C=C)=C2C)N1,1
24,HMDB0000056,beta-Alanine,HMDB0000056,239.0,16958.0,C00099,5119.0,NCCC(O)=O,1
25,HMDB0000058,Cyclic AMP,HMDB0000058,6076.0,17489.0,C00575,5120.0,[H][C@@]12COP(O)(=O)O[C@@]1([H])[C@@H](O)[C@@H](O2)N1C=NC2=C1N=CN=C2N,1
26,HMDB0000060,Acetoacetic acid,HMDB0000060,96.0,15344.0,C00164,276.0,CC(=O)CC(O)=O,1
27,HMDB0000062,L-Carnitine,HMDB0000062,10917.0,16347.0,C00487,52.0,C[N+](C)(C)C[C@H](O)CC(O)=O,1
28,HMDB0000063,Cortisol,HMDB0000063,5754.0,17650.0,C00735,5124.0,[H][C@@]12CC[C@](O)(C(=O)CO)[C@@]1(C)C[C@H](O)[C@@]1([H])[C@@]2([H])CCC2=CC(=O)CC[C@]12C,1
29,HMDB0000064,Creatine,HMDB0000064,586.0,16919.0,C00300,7.0,CN(CC(O)=O)C(N)=N,1
30,HMDB0000067,Cholesterol,HMDB0000067,5997.0,16113.0,C00187,163.0,[H][C@@]1(CC[C@@]2([H])[C@]3([H])CC=C4C[C@@H](O)CC[C@]4(C)[C@@]3([H])CC[C@]12C)[C@H](C)CCCC(C)C,1
31,HMDB0000068,Epinephrine,HMDB0000068,5816.0,28918.0,C00788,5127.0,CNC[C@H](O)C1=CC(O)=C(O)C=C1,1
32,HMDB0000071,Deoxyinosine,HMDB0000071,65058.0,28997.0,C05512,3383.0,OC[C@H]1O[C@H](C[C@@H]1O)N1C=NC2=C1N=CNC2=O,1
33,HMDB0000073,Dopamine,HMDB0000073,681.0,18243.0,C03758,64.0,NCCC1=CC(O)=C(O)C=C1,1
34,HMDB0000077,Dehydroepiandrosterone,HMDB0000077,5881.0,28689.0,C01227,5133.0,[H][C@@]12CCC(=O)[C@@]1(C)CC[C@@]1([H])[C@@]2([H])CC=C2C[C@@H](O)CC[C@]12C,1
35,HMDB0000078,Cysteinylglycine,HMDB0000078,439498.0,4047.0,C01419,5134.0,N[C@@H](CS)C(=O)NCC(O)=O,1
36,HMDB0000085,Deoxyguanosine,HMDB0000085,187790.0,17172.0,C00330,3395.0,NC1=NC2=C(N=CN2[C@H]2C[C@H](O)[C@@H](CO)O2)C(=O)N1,1
37,HMDB0000086,Glycerophosphocholine,HMDB0000086,657272.0,16870.0,C00670,370.0,C[N+](C)(C)CCOP([O-])(=O)OC[C@H](O)CO,1
38,HMDB0000089,Cytidine,HMDB0000089,6175.0,17562.0,C00475,3376.0,NC1=NC(=O)N(C=C1)[C@@H]1O[C@H](CO)[C@@H](O)[C@H]1O,1
39,HMDB0000094,Citric acid,HMDB0000094,311.0,30769.0,C00158,124.0,OC(=O)CC(O)(CC(O)=O)C(O)=O,1
40,HMDB0000097,Choline,HMDB0000097,305.0,15354.0,C00114,56.0,C[N+](C)(C)CCO,1
41,HMDB0000098,D-Xylose,HMDB0000098,135191.0,53455.0,C00181,314.0,O[C@@H]1COC(O)[C@H](O)[C@H]1O,1
42,HMDB0000101,Deoxyadenosine,HMDB0000101,13730.0,17256.0,C00559,3382.0,NC1=C2N=CN([C@H]3C[C@H](O)[C@@H](CO)O3)C2=NC=N1,1
43,HMDB0000107,Galactitol,HMDB0000107,11850.0,16813.0,C01697,5148.0,OC[C@H](O)[C@@H](O)[C@@H](O)[C@H](O)CO,1
44,HMDB0000108,Ethanol,HMDB0000108,702.0,16236.0,C00469,3203.0,CCO,1
45,HMDB0000112,gamma-Aminobutyric acid,HMDB0000112,119.0,16865.0,C00334,,NCCCC(O)=O,1
46,HMDB0000121,Folic acid,HMDB0000121,6037.0,27470.0,C00504,246.0,NC1=NC(=O)C2=NC(CNC3=CC=C(C=C3)C(=O)N[C@@H](CCC(O)=O)C(O)=O)=CN=C2N1,1
47,HMDB0000122,D-Glucose,HMDB0000122,5793.0,15903.0,C00031,133.0,OC[C@H]1O[C@@H](O)[C@H](O)[C@@H](O)[C@@H]1O,1
48,HMDB0000123,Glycine,HMDB0000123,750.0,15428.0,C00037,20.0,NCC(O)=O,1
49,HMDB0000125,Glutathione,HMDB0000125,124886.0,16856.0,C00051,44.0,N[C@@H](CCC(=O)N[C@@H](CS)C(=O)NCC(O)=O)C(O)=O,1
50,HMDB0000131,Glycerol,HMDB0000131,753.0,17754.0,C00116,105.0,OCC(O)CO,1
51,HMDB0000132,Guanine,HMDB0000132,764.0,16235.0,C00242,315.0,NC1=NC(=O)C2=C(N1)N=CN2,1
52,HMDB0000133,Guanosine,HMDB0000133,6802.0,16750.0,C00387,87.0,NC1=NC2=C(N=CN2[C@@H]2O[C@H](CO)[C@@H](O)[C@H]2O)C(=O)N1,1
53,HMDB0000134,Fumaric acid,HMDB0000134,444972.0,18012.0,C00122,3242.0,OC(=O)\C=C\C(O)=O,1
54,HMDB0000138,Glycocholic acid,HMDB0000138,10140.0,17687.0,C01921,5169.0,C[C@H](CCC(O)=NCC(O)=O)[C@H]1CC[C@H]2[C@@H]3[C@H](O)C[C@@H]4C[C@H](O)CC[C@]4(C)[C@H]3C[C@H](O)[C@]12C,1
55,HMDB0000142,Formic acid,HMDB0000142,284.0,30751.0,C00058,3202.0,OC=O,1
56,HMDB0000143,D-Galactose,HMDB0000143,439357.0,28061.0,C00124,134.0,OC[C@H]1O[C@H](O)[C@H](O)[C@@H](O)[C@H]1O,1
57,HMDB0000145,Estrone,HMDB0000145,5870.0,17263.0,C00468,264.0,[H][C@@]12CCC(=O)[C@@]1(C)CC[C@]1([H])C3=C(CC[C@@]21[H])C=C(O)C=C3,1
58,HMDB0000148,Glutamic acid,HMDB0000148,33032.0,16015.0,C00025,5174.0,N[C@@H](CCC(O)=O)C(O)=O,1
59,HMDB0000151,Estradiol,HMDB0000151,5757.0,16469.0,C00951,263.0,[H][C@@]12CC[C@H](O)[C@@]1(C)CC[C@]1([H])C3=C(CC[C@@]21[H])C=C(O)C=C3,1
60,HMDB0000153,Estriol,HMDB0000153,5756.0,27974.0,C05141,2581.0,[H][C@@]12C[C@@H](O)[C@H](O)[C@@]1(C)CC[C@]1([H])C3=C(CC[C@@]21[H])C=C(O)C=C3,1
61,HMDB0000157,Hypoxanthine,HMDB0000157,790.0,17368.0,C00262,83.0,OC1=NC=NC2=C1NC=N2,1
62,HMDB0000158,L-Tyrosine,HMDB0000158,6057.0,17895.0,C00082,34.0,N[C@@H](CC1=CC=C(O)C=C1)C(O)=O,1
63,HMDB0000159,Phenylalanine,HMDB0000159,6140.0,17295.0,C00079,28.0,N[C@@H](CC1=CC=CC=C1)C(O)=O,1
64,HMDB0000161,L-Alanine,HMDB0000161,5950.0,16977.0,C00041,,C[C@H](N)C(O)=O,1
65,HMDB0000162,Proline,HMDB0000162,145742.0,17203.0,C00148,29.0,OC(=O)[C@@H]1CCCN1,1
66,HMDB0000163,D-Maltose,HMDB0000163,10991489.0,47937.0,C00208,413.0,OC[C@H]1O[C@H](O[C@H]2[C@H](O)[C@H](O)[C@@H](O)O[C@@H]2CO)[C@H](O)[C@@H](O)[C@@H]1O,1
67,HMDB0000167,L-Threonine,HMDB0000167,6288.0,16857.0,C00188,32.0,C[C@@H](O)[C@H](N)C(O)=O,1
68,HMDB0000168,L-Asparagine,HMDB0000168,6267.0,17196.0,C00152,14.0,N[C@@H](CC(N)=O)C(O)=O,1
69,HMDB0000169,D-Mannose,HMDB0000169,185698.0,28729.0,C00159,,OC[C@H]1O[C@H](O)[C@@H](O)[C@@H](O)[C@@H]1O,1
70,HMDB0000172,Isoleucine,HMDB0000172,6306.0,17191.0,C00407,5193.0,CC[C@H](C)[C@H](N)C(O)=O,1
71,HMDB0000174,L-Fucose,HMDB0000174,17106.0,42548.0,C01019,5812.0,C[C@@H]1O[C@@H](O)[C@@H](O)[C@H](O)[C@@H]1O,1
72,HMDB0000175,Inosinic acid,HMDB0000175,8582.0,17202.0,C00130,5196.0,O[C@@H]1[C@@H](COP(O)(O)=O)O[C@H]([C@@H]1O)N1C=NC2=C1N=CNC2=O,1
73,HMDB0000176,Maleic acid,HMDB0000176,444266.0,18300.0,C01384,4198.0,OC(=O)\C=C/C(O)=O,1
74,HMDB0000177,Histidine,HMDB0000177,6274.0,15971.0,C00135,21.0,N[C@@H](CC1=CN=CN1)C(O)=O,1
75,HMDB0000181,DOPA,HMDB0000181,6047.0,15765.0,C00355,42.0,N[C@@H](CC1=CC=C(O)C(O)=C1)C(O)=O,1
76,HMDB0000182,Lysine,HMDB0000182,5962.0,18019.0,C00047,5200.0,NCCCC[C@H](N)C(O)=O,1
77,HMDB0000186,Alpha-Lactose,HMDB0000186,84571.0,36219.0,C00243,267.0,OC[C@H]1O[C@@H](O[C@H]2[C@H](O)[C@@H](O)[C@@H](O)O[C@@H]2CO)[C@H](O)[C@@H](O)[C@H]1O,1
78,HMDB0000187,Serine,HMDB0000187,5951.0,17115.0,C00065,5203.0,N[C@@H](CO)C(O)=O,1
79,HMDB0000190,Lactic acid,HMDB0000190,107689.0,422.0,C00186,5205.0,C[C@H](O)C(O)=O,1
80,HMDB0000191,L-Aspartic acid,HMDB0000191,5960.0,17053.0,C00049,5206.0,N[C@@H](CC(O)=O)C(O)=O,1
81,HMDB0000192,L-Cystine,HMDB0000192,67678.0,16283.0,C00491,5207.0,N[C@@H](CSSC[C@H](N)C(O)=O)C(O)=O,1
82,HMDB0000195,Inosine,HMDB0000195,6021.0,17596.0,C00294,84.0,OC[C@H]1O[C@H]([C@H](O)[C@@H]1O)N1C=NC2=C(O)N=CN=C12,1
83,HMDB0000201,L-Acetylcarnitine,HMDB0000201,7045767.0,57589.0,C02571,5213.0,CC(=O)O[C@H](CC(O)=O)C[N+](C)(C)C,1
84,HMDB0000207,Oleic acid,HMDB0000207,445639.0,16196.0,C00712,190.0,CCCCCCCC\C=C/CCCCCCCC(O)=O,1
85,HMDB0000208,Oxoglutaric acid,HMDB0000208,51.0,30915.0,C00026,5218.0,OC(=O)CCC(=O)C(O)=O,1
86,HMDB0000210,Pantothenic acid,HMDB0000210,6613.0,46905.0,C00864,,CC(C)(CO)[C@@H](O)C(=O)NCCC(O)=O,1
87,HMDB0000211,myo-Inositol,HMDB0000211,,17268.0,C00137,5221.0,O[C@H]1[C@H](O)[C@@H](O)[C@H](O)[C@H](O)[C@@H]1O,1
88,HMDB0000214,Ornithine,HMDB0000214,6262.0,15729.0,C00077,27.0,NCCC[C@H](N)C(O)=O,1
89,HMDB0000216,Norepinephrine,HMDB0000216,439260.0,18357.0,C00547,5226.0,NC[C@H](O)C1=CC(O)=C(O)C=C1,1
90,HMDB0000217,NADP,HMDB0000217,5885.0,44409.0,C00006,5227.0,NC(=O)C1=C[N+](=CC=C1)[C@@H]1O[C@H](COP([O-])(=O)OP(O)(=O)OC[C@H]2O[C@H]([C@H](OP(O)(O)=O)[C@@H]2O)N2C=NC3=C2N=CN=C3N)[C@@H](O)[C@H]1O,1
91,HMDB0000220,Palmitic acid,HMDB0000220,985.0,15756.0,C00249,187.0,CCCCCCCCCCCCCCCC(O)=O,1
92,HMDB0000222,Palmitoylcarnitine,HMDB0000222,11953816.0,17490.0,C02990,5231.0,CCCCCCCCCCCCCCCC(=O)O[C@H](CC(O)=O)C[N+](C)(C)C,1
93,HMDB0000234,Testosterone,HMDB0000234,6013.0,17347.0,C00535,390.0,[H][C@@]12CC[C@H](O)[C@@]1(C)CC[C@@]1([H])[C@@]2([H])CCC2=CC(=O)CC[C@]12C,1
94,HMDB0000235,Thiamine,HMDB0000235,1130.0,18385.0,C00378,5242.0,CC1=C(CCO)SC=[N+]1CC1=CN=C(C)N=C1N,1
95,HMDB0000237,Propionic acid,HMDB0000237,1032.0,30768.0,C00163,3215.0,CCC(O)=O,1
96,HMDB0000239,Pyridoxine,HMDB0000239,1054.0,16709.0,C00314,5245.0,CC1=C(O)C(CO)=C(CO)C=N1,1
97,HMDB0000243,Pyruvic acid,HMDB0000243,1060.0,32816.0,C00022,117.0,CC(=O)C(O)=O,1
98,HMDB0000244,Riboflavin,HMDB0000244,493570.0,17015.0,C00255,5249.0,CC1=C(C)C=C2N(C[C@H](O)[C@H](O)[C@H](O)CO)C3=NC(=O)NC(=O)C3=NC2=C1,1
99,HMDB0000247,Sorbitol,HMDB0000247,5780.0,17924.0,C00794,143.0,OC[C@H](O)[C@@H](O)[C@H](O)[C@H](O)CO,1
100,HMDB0000248,Thyroxine,HMDB0000248,5819.0,18332.0,C01829,439.0,N[C@@H](CC1=CC(I)=C(OC2=CC(I)=C(O)C(I)=C2)C(I)=C1)C(O)=O,1
101,HMDB0000251,Taurine,HMDB0000251,1123.0,15891.0,C00245,31.0,NCCS(O)(=O)=O,1
102,HMDB0000252,Sphingosine,HMDB0000252,5280335.0,16393.0,C00319,392.0,CCCCCCCCCCCCC\C=C\[C@@H](O)[C@@H](N)CO,1
103,HMDB0000253,Pregnenolone,HMDB0000253,8955.0,16581.0,C01953,5257.0,[H][C@@]12CC[C@H](C(C)=O)[C@@]1(C)CC[C@@]1([H])[C@@]2([H])CC=C2C[C@@H](O)CC[C@]12C,1
104,HMDB0000254,Succinic acid,HMDB0000254,1110.0,15741.0,C00042,114.0,OC(=O)CCC(O)=O,1
105,HMDB0000256,Squalene,HMDB0000256,638072.0,15440.0,C00751,197.0,CC(C)=CCC\C(C)=C\CC\C(C)=C\CC\C=C(/C)CC\C=C(/C)CCC=C(C)C,1
106,HMDB0000257,Thiosulfate,HMDB0000257,1085.0,5587.0,C00320,5260.0,OS(S)(=O)=O,1
107,HMDB0000258,Sucrose,HMDB0000258,5988.0,17992.0,C00089,137.0,OC[C@H]1O[C@@](CO)(O[C@H]2O[C@H](CO)[C@@H](O)[C@H](O)[C@H]2O)[C@@H](O)[C@@H]1O,1
108,HMDB0000259,Serotonin,HMDB0000259,5202.0,28790.0,C00780,74.0,NCCC1=CNC2=C1C=C(O)C=C2,1
109,HMDB0000262,Thymine,HMDB0000262,1135.0,17821.0,C00178,290.0,CC1=CNC(=O)NC1=O,1
110,HMDB0000265,Liothyronine,HMDB0000265,5920.0,18258.0,C02465,5265.0,N[C@@H](CC1=CC(I)=C(OC2=CC(I)=C(O)C=C2)C(I)=C1)C(O)=O,1
111,HMDB0000269,Sphinganine,HMDB0000269,91486.0,16566.0,C00836,5268.0,CCCCCCCCCCCCCCC[C@@H](O)[C@@H](N)CO,1
112,HMDB0000271,Sarcosine,HMDB0000271,1088.0,15611.0,C00213,51.0,CNCC(O)=O,1
113,HMDB0000273,Thymidine,HMDB0000273,5789.0,17748.0,C00214,3375.0,CC1=CN([C@H]2C[C@H](O)[C@@H](CO)O2)C(=O)NC1=O,1
114,HMDB0000277,Sphingosine 1-phosphate,HMDB0000277,5283560.0,37550.0,C06124,5272.0,CCCCCCCCCCCCC\C=C\[C@@H](O)[C@@H](N)COP(O)(O)=O,1
115,HMDB0000283,D-Ribose,HMDB0000283,5779.0,47013.0,C00121,313.0,OC[C@H]1OC(O)[C@H](O)[C@@H]1O,1
116,HMDB0000288,Uridine 5'-monophosphate,HMDB0000288,6030.0,16695.0,C00105,,O[C@H]1[C@@H](O)[C@@H](O[C@@H]1COP(O)(O)=O)N1C=CC(=O)NC1=O,1
117,HMDB0000289,Uric acid,HMDB0000289,1175.0,17775.0,C00366,88.0,O=C1NC2=C(N1)C(=O)NC(=O)N2,1
118,HMDB0000294,Urea,HMDB0000294,1176.0,16199.0,C00086,6.0,NC(N)=O,1
119,HMDB0000295,Uridine 5'-diphosphate,HMDB0000295,6031.0,17659.0,C00015,,O[C@H]1[C@@H](O)[C@@H](O[C@@H]1COP(O)(=O)OP(O)(O)=O)N1C=CC(=O)NC1=O,1
120,HMDB0000296,Uridine,HMDB0000296,6029.0,16704.0,C00299,90.0,OC[C@H]1O[C@H]([C@H](O)[C@@H]1O)N1C=CC(=O)NC1=O,1
121,HMDB0000300,Uracil,HMDB0000300,1174.0,17568.0,C00106,258.0,O=C1NC=CC(=O)N1,1
122,HMDB0000305,Vitamin A,HMDB0000305,445354.0,17336.0,C00473,,C\C(=C/CO)\C=C\C=C(/C)\C=C\C1=C(C)CCCC1(C)C,1
123,HMDB0000318,"3,4-Dihydroxyphenylglycol",HMDB0000318,91528.0,1387.0,C05576,5307.0,OCC(O)C1=CC(O)=C(O)C=C1,1
124,HMDB0000319,18-Hydroxycorticosterone,HMDB0000319,11222.0,16485.0,C01124,5308.0,[H][C@@]12CC[C@H](C(=O)CO)[C@@]1(CO)C[C@H](O)[C@@]1([H])[C@@]2([H])CCC2=CC(=O)CC[C@]12C,1
125,HMDB0000332,18-Oxocortisol,HMDB0000332,44263344.0,89213.0,,5321.0,[H][C@@]12CC[C@@](O)(C(=O)CO)[C@]1(C[C@H](O)[C@@]1([H])[C@@]2([H])CCC2=CC(=O)CC[C@]12C)C=O,1
126,HMDB0000335,16a-Hydroxyestrone,HMDB0000335,115116.0,776.0,C05300,2580.0,[H][C@@]12C[C@@H](O)C(=O)[C@@]1(C)CC[C@]1([H])C3=C(CC[C@@]21[H])C=C(O)C=C3,1
127,HMDB0000343,2-Hydroxyestrone,HMDB0000343,440623.0,1156.0,C05298,2579.0,[H][C@@]12CCC(=O)[C@@]1(C)CC[C@]1([H])C3=C(CC[C@@]21[H])C=C(O)C(O)=C3,1
128,HMDB0000347,16b-Hydroxyestradiol,HMDB0000347,68929.0,87620.0,,5336.0,[H][C@@]12C[C@H](O)[C@H](O)[C@@]1(C)CC[C@]1([H])C3=C(CC[C@@]21[H])C=C(O)C=C3,1
129,HMDB0000352,16a-Hydroxydehydroisoandrosterone,HMDB0000352,102030.0,27771.0,C05139,5341.0,[H][C@@]12C[C@@H](O)C(=O)[C@@]1(C)CC[C@@]1([H])[C@@]2([H])CC=C2C[C@@H](O)CC[C@]12C,1
130,HMDB0000359,"3alpha,7alpha-Dihydroxycoprostanic acid",HMDB0000359,5284239.0,16577.0,C04554,5348.0,[H][C@@]1(CC[C@@]2([H])[C@]3([H])[C@H](O)C[C@]4([H])C[C@H](O)CC[C@]4(C)[C@@]3([H])CC[C@]12C)[C@H](C)CCCC(C)C(O)=O,1
131,HMDB0000363,17a-Hydroxypregnenolone,HMDB0000363,91451.0,28750.0,C05138,5352.0,[H][C@@]12CC[C@](O)(C(C)=O)[C@@]1(C)CC[C@@]1([H])[C@@]2([H])CC=C2C[C@@H](O)CC[C@]12C,1
132,HMDB0000369,"3b,17b-Dihydroxyetiocholane",HMDB0000369,53477687.0,36715.0,,5358.0,C[C@]12CCC3C(CCC4C[C@@H](O)CC[C@]34C)C1CC[C@@H]2O,1
133,HMDB0000374,17-Hydroxyprogesterone,HMDB0000374,6238.0,17252.0,C01176,5363.0,[H][C@@]12CC[C@](O)(C(C)=O)[C@@]1(C)CC[C@@]1([H])[C@@]2([H])CCC2=CC(=O)CC[C@]12C,1
134,HMDB0000405,2-Methoxyestradiol,HMDB0000405,66414.0,28955.0,C05302,5394.0,[H][C@@]12CC[C@H](O)[C@@]1(C)CC[C@]1([H])C3=C(CC[C@@]21[H])C=C(O)C(OC)=C3,1
135,HMDB0000416,17-Hydroxypregnenolone sulfate,HMDB0000416,152971.0,,,5405.0,[H][C@@]12CC[C@](O)(C(C)=O)[C@@]1(C)CC[C@@]1([H])[C@@]2([H])CC=C2CC(CC[C@]12C)OS(O)(=O)=O,1
136,HMDB0000418,18-Hydroxycortisol,HMDB0000418,44263343.0,89455.0,,5407.0,[H][C@@]12CC[C@@](O)(C(=O)CO)[C@@]1(CO)C[C@H](O)[C@@]1([H])[C@@]2([H])CCC2=CC(=O)CC[C@]12C,1
137,HMDB0000429,17alpha-Estradiol,HMDB0000429,68570.0,17160.0,C02537,5418.0,[H][C@@]12CC[C@@H](O)[C@@]1(C)CC[C@]1([H])C3=C(CC[C@@]21[H])C=C(O)C=C3,1
138,HMDB0000464,Calcium,HMDB0000464,271.0,29108.0,C00076,,[Ca++],1
139,HMDB0000482,Caprylic acid,HMDB0000482,379.0,28837.0,C06423,5469.0,CCCCCCCC(O)=O,1
140,HMDB0000490,Etiocholanolone,HMDB0000490,5880.0,28195.0,C04373,5477.0,[H][C@@]12CCC(=O)[C@@]1(C)CC[C@@]1([H])[C@@]2([H])CC[C@]2([H])C[C@]([H])(O)CC[C@]12C,1
141,HMDB0000491,3-Methyl-2-oxovaleric acid,HMDB0000491,439286.0,15614.0,C00671,5478.0,CC[C@H](C)C(=O)C(O)=O,1
142,HMDB0000492,Chloride ion,HMDB0000492,312.0,17996.0,C00698,,[Cl-],1
143,HMDB0000493,"5alpha-Androstane-3beta,17beta-diol",HMDB0000493,242332.0,18329.0,C12525,5479.0,[H][C@@]12CC[C@H](O)[C@@]1(C)CC[C@@]1([H])[C@@]2([H])CC[C@@]2([H])C[C@@H](O)CC[C@]12C,1
144,HMDB0000508,Ribitol,HMDB0000508,,15963.0,C00474,316.0,OC[C@H](O)[C@H](O)[C@H](O)CO,1
145,HMDB0000511,Capric acid,HMDB0000511,2969.0,30813.0,C01571,336.0,CCCCCCCCCC(O)=O,1
146,HMDB0000517,L-Arginine,HMDB0000517,6322.0,16467.0,C00062,5502.0,N[C@@H](CCCNC(N)=N)C(O)=O,1
147,HMDB0000518,Chenodeoxycholic acid,HMDB0000518,10133.0,16755.0,C02528,207.0,[H][C@@]1(CC[C@@]2([H])[C@]3([H])[C@H](O)C[C@]4([H])C[C@H](O)CC[C@]4(C)[C@@]3([H])CC[C@]12C)[C@H](C)CCC(O)=O,1
148,HMDB0000521,5Z-Tetradecenoic acid,HMDB0000521,5312400.0,70716.0,,5506.0,CCCCCCCC\C=C/CCCC(O)=O,1
149,HMDB0000535,Caproic acid,HMDB0000535,8892.0,30776.0,C01585,5520.0,CCCCCC(O)=O,1
150,HMDB0000538,Adenosine triphosphate,HMDB0000538,5957.0,15422.0,C00002,5523.0,NC1=NC=NC2=C1N=CN2[C@@H]1O[C@H](COP(O)(=O)OP(O)(=O)OP(O)(O)=O)[C@@H](O)[C@H]1O,1
151,HMDB0000554,Dihydroandrosterone,HMDB0000554,15818.0,36713.0,,5538.0,[H][C@@]12CC[C@H](O)[C@@]1(C)CC[C@@]1([H])[C@@]2([H])CC[C@@]2([H])C[C@H](O)CC[C@]12C,1
152,HMDB0000561,beta-Carotene,HMDB0000561,5280489.0,17579.0,C02094,5545.0,C\C(\C=C\C=C(/C)\C=C\C1=C(C)CCCC1(C)C)=C/C=C/C=C(\C)/C=C/C=C(\C)/C=C/C1=C(C)CCCC1(C)C,1
153,HMDB0000564,PC(32:0),HMDB0000564,452110.0,72999.0,C00157,5548.0,[H][C@@](COC(=O)CCCCCCCCCCCCCCC)(COP([O-])(=O)OCC[N+](C)(C)C)OC(=O)CCCCCCCCCCCCCCC,1
154,HMDB0000573,Elaidic acid,HMDB0000573,637517.0,27997.0,C01712,3406.0,CCCCCCCC\C=C\CCCCCCCC(O)=O,1
155,HMDB0000574,L-Cysteine,HMDB0000574,5862.0,17561.0,C00097,5556.0,N[C@@H](CS)C(O)=O,1
156,HMDB0000586,Potassium,HMDB0000586,813.0,29103.0,C00238,3197.0,[K+],1
157,HMDB0000588,Sodium,HMDB0000588,923.0,29101.0,C01330,3192.0,[Na+],1
158,HMDB0000593,PC(36:2),HMDB0000593,10350317.0,74669.0,C00157,5572.0,CCCCCCCC\C=C/CCCCCCCC(=O)OC[C@H](COP([O-])(=O)OCC[N+](C)(C)C)OC(=O)CCCCCCC\C=C/CCCCCCCC,1
159,HMDB0000595,Hydrogen carbonate,HMDB0000595,767.0,28976.0,C00288,6944.0,OC(O)=O,1
160,HMDB0000601,Coprocholic acid,HMDB0000601,122312.0,18402.0,C04722,5577.0,[H][C@@]1(CC[C@@]2([H])[C@]3([H])[C@H](O)C[C@]4([H])C[C@H](O)CC[C@]4(C)[C@@]3([H])C[C@H](O)[C@]12C)[C@H](C)CCCC(C)C(O)=O,1
161,HMDB0000610,CE(18:2),HMDB0000610,131801653.0,41509.0,C15441,5584.0,CCCCC\C=C/C\C=C/CCCCCCCC(=O)O[C@H]1CC[C@]2(C)C3CC[C@]4(C)C(CCC4C3CC=C2C1)[C@H](C)CCCC(C)C,1
162,HMDB0000619,Cholic acid,HMDB0000619,221493.0,16359.0,C00695,206.0,C[C@H](CCC(O)=O)[C@H]1CC[C@H]2[C@@H]3[C@H](O)C[C@@H]4C[C@H](O)CC[C@]4(C)[C@H]3C[C@H](O)[C@]12C,1
163,HMDB0000626,Deoxycholic acid,HMDB0000626,222528.0,28834.0,C04483,265.0,[H][C@@]1(CC[C@@]2([H])[C@]3([H])CC[C@]4([H])C[C@H](O)CC[C@]4(C)[C@@]3([H])C[C@H](O)[C@]12C)[C@H](C)CCC(O)=O,1
164,HMDB0000628,Epitestosterone,HMDB0000628,10204.0,42534.0,C00535,5601.0,[H][C@@]12CC[C@@H](O)[C@@]1(C)CC[C@@]1([H])[C@@]2([H])CCC2=CC(=O)CC[C@]12C,1
165,HMDB0000630,Cytosine,HMDB0000630,597.0,16040.0,C00380,283.0,NC1=CC=NC(=O)N1,1
166,HMDB0000631,Deoxycholic acid glycine conjugate,HMDB0000631,22833539.0,27471.0,C05464 ,5604.0,[H][C@]12CCC3C4CC[C@H]([C@H](C)CCC(=O)NCC(O)=O)[C@@]4(C)[C@@H](O)CC3[C@@]1(C)CC[C@@H](O)C2,1
167,HMDB0000637,Chenodeoxycholic acid glycine conjugate,HMDB0000637,12544.0,36274.0,C05466,5610.0,[H][C@@]1(CC[C@@]2([H])[C@]3([H])[C@H](O)C[C@]4([H])C[C@H](O)CC[C@]4(C)[C@@]3([H])CC[C@]12C)[C@H](C)CCC(=O)NCC(O)=O,1
168,HMDB0000638,Dodecanoic acid,HMDB0000638,3893.0,30805.0,C02679,5611.0,CCCCCCCCCCCC(O)=O,1
169,HMDB0000641,Glutamine,HMDB0000641,5961.0,18050.0,C00064,5614.0,N[C@@H](CCC(N)=O)C(O)=O,1
170,HMDB0000646,L-Arabinose,HMDB0000646,439764.0,40886.0,C00259,5474.0,O[C@H]1CO[C@H](O)[C@H](O)[C@H]1O,1
171,HMDB0000651,Decanoylcarnitine,HMDB0000651,11953821.0,28717.0,C03299,5623.0,CCCCCCCCCC(=O)O[C@H](CC([O-])=O)C[N+](C)(C)C,1
172,HMDB0000653,Cholesterol sulfate,HMDB0000653,65076.0,41321.0,C18043,5625.0,[H][C@@]12CC[C@H]([C@H](C)CCCC(C)C)[C@@]1(C)CC[C@@]1([H])[C@@]2([H])CC=C2C[C@H](CC[C@]12C)OS(O)(=O)=O,1
173,HMDB0000658,CE(16:1),HMDB0000658,22833543.0,84323.0,C02530,5629.0,[H][C@@]1(CC[C@@]2([H])[C@]3([H])CC=C4C[C@H](CC[C@]4(C)[C@@]3([H])CC[C@]12C)OC(=O)CCCCCCC\C=C/CCCCCC)[C@H](C)CCCC(C)C,1
174,HMDB0000660,D-Fructose,HMDB0000660,439709.0,28645.0,C00095,135.0,OC[C@H]1O[C@](O)(CO)[C@@H](O)[C@@H]1O,1
175,HMDB0000673,Linoleic acid,HMDB0000673,5280450.0,17351.0,C01595,191.0,CCCCC\C=C/C\C=C/CCCCCCCC(O)=O,1
176,HMDB0000687,Leucine,HMDB0000687,6106.0,15603.0,C00123,24.0,CC(C)C[C@H](N)C(O)=O,1
177,HMDB0000692,Fe2+,HMDB0000692,27284.0,29033.0,C14818,,[Fe++],1
178,HMDB0000695,Ketoleucine,HMDB0000695,70.0,48430.0,C00233,5663.0,CC(C)CC(=O)C(O)=O,1
179,HMDB0000696,Methionine,HMDB0000696,6137.0,16643.0,C00073,5664.0,CSCC[C@H](N)C(O)=O,1
180,HMDB0000698,Lithocholic acid glycine conjugate,HMDB0000698,115245.0,37998.0,C15557,5666.0,[H][C@@]1(CC[C@@]2([H])[C@]3([H])CC[C@]4([H])C[C@H](O)CC[C@]4(C)[C@@]3([H])CC[C@]12C)[C@H](C)CCC(=O)NCC(O)=O,1
181,HMDB0000699,1-Methylnicotinamide,HMDB0000699,457.0,16797.0,C02918,5667.0,C[N+]1=CC=CC(=C1)C(N)=O,1
182,HMDB0000708,Glycoursodeoxycholic acid,HMDB0000708,12310288.0,89929.0,,5676.0,[H][C@@]1(CC[C@@]2([H])[C@]3([H])[C@@H](O)C[C@]4([H])C[C@H](O)CC[C@]4(C)[C@@]3([H])CC[C@]12C)[C@H](C)CCC(=O)NCC(O)=O,1
183,HMDB0000719,L-Homoserine,HMDB0000719,12647.0,15699.0,C00263,5687.0,N[C@@H](CCO)C(O)=O,1
184,HMDB0000722,Lithocholyltaurine,HMDB0000722,439763.0,36259.0,C02592,5690.0,[H][C@@]1(CC[C@@]2([H])[C@]3([H])CC[C@]4([H])C[C@H](O)CC[C@]4(C)[C@@]3([H])CC[C@]12C)[C@H](C)CCC(=O)NCCS(O)(=O)=O,1
185,HMDB0000733,Hyodeoxycholic acid,HMDB0000733,9963687.0,,C15517,5701.0,[H][C@@]12CC[C@H]([C@H](C)CCC(O)=O)[C@@]1(C)CC[C@@]1([H])[C@@]2([H])C[C@H](O)C2C[C@H](O)CC[C@]12C,1
186,HMDB0000736,Isobutyryl-L-carnitine,HMDB0000736,168379.0,84838.0,,5704.0,CC(C)C(=O)O[C@H](CC(O)=O)C[N+](C)(C)C,1
187,HMDB0000756,Hexanoylcarnitine,HMDB0000756,3246938.0,84834.0,,3548.0,CCCCCC(=O)O[C@H](CC(O)=O)C[N+](C)(C)C,1
188,HMDB0000761,Lithocholic acid,HMDB0000761,9903.0,16325.0,C03990,209.0,[H][C@@]1(CC[C@@]2([H])[C@]3([H])CC[C@]4([H])C[C@H](O)CC[C@]4(C)[C@@]3([H])CC[C@]12C)[C@H](C)CCC(O)=O,1
189,HMDB0000765,Mannitol,HMDB0000765,6251.0,16899.0,C00392,142.0,OC[C@@H](O)[C@@H](O)[C@H](O)[C@H](O)CO,1
190,HMDB0000774,Pregnenolone sulfate,HMDB0000774,20845972.0,,,5740.0,[H][C@@]12CC[C@H](C(C)=O)[C@@]1(C)CC[C@@]1([H])[C@@]2([H])CC=C2CC(CC[C@]12C)OS(O)(=O)=O,1
191,HMDB0000791,Octanoylcarnitine,HMDB0000791,11953814.0,18102.0,C02838,,CCCCCCCC(=O)O[C@H](CC(O)=O)C[N+](C)(C)C,1
192,HMDB0000795,Pristanic acid,HMDB0000795,123929.0,51340.0,,5760.0,CC(C)CCCC(C)CCCC(C)CCCC(C)C(O)=O,1
193,HMDB0000801,Phytanic acid,HMDB0000801,26840.0,16285.0,C01607,5765.0,CC(C)CCCC(C)CCCC(C)CCCC(C)CC(O)=O,1
194,HMDB0000806,Myristic acid,HMDB0000806,11005.0,28875.0,C06424,196.0,CCCCCCCCCCCCCC(O)=O,1
195,HMDB0000824,Propionylcarnitine,HMDB0000824,188824.0,53210.0,C03017,5787.0,CCC(=O)O[C@H](CC(O)=O)C[N+](C)(C)C,1
196,HMDB0000826,Pentadecanoic acid,HMDB0000826,13849.0,42504.0,C16537,5789.0,CCCCCCCCCCCCCCC(O)=O,1
197,HMDB0000827,Stearic acid,HMDB0000827,5281.0,28842.0,C01530,189.0,CCCCCCCCCCCCCCCCCC(O)=O,1
198,HMDB0000847,Pelargonic acid,HMDB0000847,8158.0,29019.0,C01601,5810.0,CCCCCCCCC(O)=O,1
199,HMDB0000848,Stearoylcarnitine,HMDB0000848,52922056.0,84644.0,,5811.0,CCCCCCCCCCCCCCCCCC(=O)O[C@H](CC(O)=O)C[N+](C)(C)C,1
200,HMDB0000852,beta-Sitosterol,HMDB0000852,222284.0,27693.0,C01753,169.0,[H][C@@]1(CC[C@@]2([H])[C@]3([H])CC=C4C[C@@H](O)CC[C@]4(C)[C@@]3([H])CC[C@]12C)[C@H](C)CC[C@@H](CC)C(C)C,1
201,HMDB0000870,Histamine,HMDB0000870,774.0,18295.0,C00388,68.0,NCCC1=CNC=N1,1
202,HMDB0000876,Vitamin D3,HMDB0000876,5280795.0,28940.0,C05443,222.0,[H][C@@]1(CC[C@@]2([H])\C(CCC[C@]12C)=C\C=C1\C[C@@H](O)CCC1=C)[C@H](C)CCCC(C)C,1
203,HMDB0000879,Tetrahydrodeoxycorticosterone,HMDB0000879,101771.0,805752.0,C13713,5840.0,[H][C@@]12CC[C@H](C(=O)CO)[C@@]1(C)CC[C@@]1([H])[C@@]2([H])CC[C@@]2([H])C[C@H](O)CC[C@]12C,1
204,HMDB0000883,L-Valine,HMDB0000883,6287.0,16414.0,C00183,5842.0,CC(C)[C@H](N)C(O)=O,1
205,HMDB0000885,CE(16:0),HMDB0000885,246520.0,3663.0,C11251,5844.0,[H][C@@]1(CC[C@@]2([H])[C@]3([H])CC=C4C[C@H](CC[C@]4(C)[C@@]3([H])CC[C@]12C)OC(=O)CCCCCCCCCCCCCCC)[C@H](C)CCCC(C)C,1
206,HMDB0000892,Valeric acid,HMDB0000892,7991.0,17418.0,C00803,110.0,CCCCC(O)=O,1
207,HMDB0000896,Taurodeoxycholic acid,HMDB0000896,2733768.0,9410.0,C05463,5853.0,[H][C@@]1(CC[C@@]2([H])[C@]3([H])CC[C@]4([H])C[C@H](O)CC[C@]4(C)[C@@]3([H])C[C@H](O)[C@]12C)[C@H](C)CCC(=O)NCCS(O)(=O)=O,1
208,HMDB0000899,Androstanedione,HMDB0000899,222865.0,15994.0,C00674,5855.0,[H][C@@]12CCC(=O)[C@@]1(C)CC[C@@]1([H])[C@@]2([H])CC[C@@]2([H])CC(=O)CC[C@]12C,1
209,HMDB0000900,Ergocalciferol,HMDB0000900,5280793.0,28934.0,C05441,5856.0,[H][C@@]1(CC[C@@]2([H])\C(CCC[C@]12C)=C\C=C1\C[C@@H](O)CCC1=C)[C@H](C)\C=C\[C@H](C)C(C)C,1
210,HMDB0000902,NAD,HMDB0000902,5892.0,44215.0,C00003,5858.0,NC(=O)C1=C[N+](=CC=C1)[C@@H]1O[C@H](COP([O-])(=O)OP(O)(=O)OC[C@H]2O[C@H]([C@H](O)[C@@H]2O)N2C=NC3=C2N=CN=C3N)[C@@H](O)[C@H]1O,1
211,HMDB0000908,5alpha-Cholestanol,HMDB0000908,6665.0,86570.0,,5864.0,[H][C@@]1(CC[C@@]2([H])[C@]3([H])CC[C@@]4([H])C[C@@H](O)CC[C@]4(C)[C@@]3([H])CC[C@]12C)[C@H](C)CCCC(C)C,1
212,HMDB0000918,CE(18:1),HMDB0000918,50938266.0,46898.0,C14641,5872.0,CCCCCCCC\C=C/CCCCCCCC(=O)O[C@H]1CC[C@]2(C)C3CC[C@]4(C)C(CCC4C3CC=C2C1)[C@H](C)CCCC(C)C,1
213,HMDB0000921,Cholestenone,HMDB0000921,91477.0,16175.0,C00599,3898.0,[H][C@@]1(CC[C@@]2([H])[C@]3([H])CCC4=CC(=O)CC[C@]4(C)[C@@]3([H])CC[C@]12C)[C@H](C)CCCC(C)C,1
214,HMDB0000929,L-Tryptophan,HMDB0000929,6305.0,16828.0,C00078,5879.0,N[C@@H](CC1=CNC2=C1C=CC=C2)C(O)=O,1
215,HMDB0000944,Behenic acid,HMDB0000944,8215.0,28941.0,C08281,260.0,CCCCCCCCCCCCCCCCCCCCCC(O)=O,1
216,HMDB0000946,Ursodeoxycholic acid,HMDB0000946,31401.0,9907.0,C07880,5893.0,[H][C@@]1(CC[C@@]2([H])[C@]3([H])[C@@H](O)C[C@]4([H])C[C@H](O)CC[C@]4(C)[C@@]3([H])CC[C@]12C)[C@H](C)CCC(O)=O,1
217,HMDB0000951,Taurochenodesoxycholic acid,HMDB0000951,387316.0,16525.0,C05465,5897.0,[H][C@@]1(CC[C@@]2([H])[C@]3([H])[C@H](O)C[C@]4([H])C[C@H](O)CC[C@]4(C)[C@@]3([H])CC[C@]12C)[C@H](C)CCC(=O)NCCS(O)(=O)=O,1
218,HMDB0000961,Farnesyl pyrophosphate,HMDB0000961,445713.0,17407.0,C00448,403.0,CC(C)=CCC\C(C)=C\CC\C(C)=C\COP(O)(=O)OP(O)(O)=O,1
219,HMDB0000990,Acetaldehyde,HMDB0000990,177.0,15343.0,C00084,3200.0,CC=O,1
220,HMDB0001032,Dehydroepiandrosterone sulfate,HMDB0001032,12594.0,16814.0,C04555,4095.0,[H][C@@]12CCC(=O)[C@@]1(C)CC[C@@]1([H])[C@@]2([H])CC=C2C[C@H](CC[C@]12C)OS(O)(=O)=O,1
221,HMDB0001043,Arachidonic acid,HMDB0001043,444899.0,15843.0,C00219,193.0,CCCCC\C=C/C\C=C/C\C=C/C\C=C/CCCC(O)=O,1
222,HMDB0001056,Dihydrofolic acid,HMDB0001056,98792.0,15633.0,C00415,5970.0,NC1=NC(=O)C2=C(NCC(CNC3=CC=C(C=C3)C(=O)N[C@@H](CCC(O)=O)C(O)=O)=N2)N1,1
223,HMDB0001072,Coenzyme Q10,HMDB0001072,5281915.0,46245.0,C11378,5983.0,COC1=C(OC)C(=O)C(C\C=C(/C)CC\C=C(/C)CC\C=C(/C)CC\C=C(/C)CC\C=C(/C)CC\C=C(/C)CC\C=C(/C)CC\C=C(/C)CC\C=C(/C)CCC=C(C)C)=C(C)C1=O,1
224,HMDB0001085,Leukotriene B4,HMDB0001085,5280492.0,15647.0,C02165,406.0,CCCCC\C=C/C[C@@H](O)\C=C\C=C\C=C/[C@@H](O)CCCC(O)=O,1
225,HMDB0001139,Prostaglandin F2a,HMDB0001139,5283078.0,15553.0,C00639,6032.0,CCCCC[C@H](O)\C=C\[C@H]1[C@H](O)C[C@H](O)[C@@H]1C\C=C\CCCC(O)=O,1
226,HMDB0001160,Tricosanoic acid,HMDB0001160,17085.0,42394.0,,4211.0,CCCCCCCCCCCCCCCCCCCCCCC(O)=O,1
227,HMDB0001161,4-Trimethylammoniobutanoic acid,HMDB0001161,725.0,16244.0,C01181,6043.0,C[N+](C)(C)CCCC([O-])=O,1
228,HMDB0001170,Lathosterol,HMDB0001170,65728.0,17168.0,C01189,6052.0,[H][C@@]1(CC[C@@]2([H])C3=CC[C@@]4([H])C[C@@H](O)CC[C@]4(C)[C@@]3([H])CC[C@]12C)[C@H](C)CCCC(C)C,1
229,HMDB0001198,Leukotriene C4,HMDB0001198,5280493.0,16978.0,C02166,3681.0,CCCCC\C=C/C\C=C/C=C/C=C/[C@@H](SC[C@H](NC(=O)CC[C@H](N)C(O)=O)C(=O)NCC(O)=O)[C@@H](O)CCCC(O)=O,1
230,HMDB0001201,Guanosine diphosphate,HMDB0001201,8977.0,17552.0,C00035,6077.0,NC1=NC2=C(N=CN2[C@@H]2O[C@H](COP(O)(=O)OP(O)(O)=O)[C@@H](O)[C@H]2O)C(=O)N1,1
231,HMDB0001220,Prostaglandin E2,HMDB0001220,5280360.0,15551.0,C00584,6089.0,CCCCC[C@H](O)\C=C\[C@H]1[C@H](O)CC(=O)[C@@H]1C\C=C/CCCC(O)=O,1
232,HMDB0001232,4-Nitrophenol,HMDB0001232,980.0,16836.0,C00870,4100.0,OC1=CC=C(C=C1)[N+]([O-])=O,1
233,HMDB0001251,Lanosterol,HMDB0001251,246983.0,16521.0,C01724,6108.0,[H][C@@]1(CC[C@@]2(C)C3=C(CC[C@]12C)[C@@]1(C)CC[C@H](O)C(C)(C)[C@]1([H])CC3)[C@H](C)CCC=C(C)C,1
234,HMDB0001262,Maltotriose,HMDB0001262,439586.0,140999.0,C01835,3585.0,OC[C@H]1O[C@H](O[C@H]2[C@H](O)[C@@H](O)[C@@H](O[C@H]3[C@H](O)[C@@H](O)C(O)O[C@@H]3CO)O[C@@H]2CO)[C@H](O)[C@@H](O)[C@@H]1O,1
235,HMDB0001264,Dehydroascorbic acid,HMDB0001264,440667.0,27956.0,C05422,342.0,[H][C@@]1(OC(=O)C(=O)C1=O)[C@@H](O)CO,1
236,HMDB0001273,Guanosine triphosphate,HMDB0001273,6830.0,15996.0,C00044,6128.0,NC1=NC2=C(N=CN2[C@@H]2O[C@H](COP(O)(=O)OP(O)(=O)OP(O)(O)=O)[C@@H](O)[C@H]2O)C(=O)N1,1
237,HMDB0001304,QH2,HMDB0001304,5280344.0,,C00390,6146.0,COC1=C(O)C(C)=C(C\C=C(/C)CCC=C(C)C)C(O)=C1OC,1
238,HMDB0001311,D-Lactic acid,HMDB0001311,61503.0,42111.0,C00256,6150.0,C[C@@H](O)C(O)=O,1
239,HMDB0001314,Cyclic GMP,HMDB0001314,24316.0,16356.0,C00942,6152.0,NC1=NC2=C(N=CN2[C@@H]2O[C@@H]3COP(O)(=O)O[C@H]3[C@H]2O)C(=O)N1,1
240,HMDB0001341,ADP,HMDB0001341,6022.0,16761.0,C00008,6175.0,NC1=NC=NC2=C1N=CN2[C@@H]1O[C@H](COP(O)(=O)OP(O)(O)=O)[C@@H](O)[C@H]1O,1
241,HMDB0001348,SM(d18:1/18:0),HMDB0001348,6453725.0,83358.0,C00550,176.0,[H][C@@](COP([O-])(=O)OCC[N+](C)(C)C)(NC(=O)CCCCCCCCCCCCCCCCC)[C@H](O)\C=C\CCCCCCCCCCCCC,1
242,HMDB0001358,Retinal,HMDB0001358,638015.0,17898.0,C00376,6188.0,C\C(\C=C\C=C(/C)\C=C\C1=C(C)CCCC1(C)C)=C/C=O,1
243,HMDB0001361,Carbon monoxide,HMDB0001361,281.0,17245.0,C00237,,[C-]#[O+],1
244,HMDB0001377,Oxygen,HMDB0001377,977.0,15379.0,C00007,3195.0,O=O,1
245,HMDB0001383,Sphinganine 1-phosphate,HMDB0001383,644260.0,16893.0,C01120,3512.0,CCCCCCCCCCCCCCC[C@@H](O)[C@@H](N)COP(O)(O)=O,1
246,HMDB0001388,alpha-Linolenic acid,HMDB0001388,5280934.0,27432.0,C06427,6208.0,CC\C=C/C\C=C/C\C=C/CCCCCCCC(O)=O,1
247,HMDB0001396,5-Methyltetrahydrofolic acid,HMDB0001396,439234.0,15641.0,C00440,6215.0,CN1C(CNC2=CC=C(C=C2)C(=O)N[C@H](CCC(O)=O)C(O)=O)CNC2=C1C(=O)NC(N)=N2,1
248,HMDB0001397,Guanosine monophosphate,HMDB0001397,6804.0,17345.0,C00144,6216.0,NC1=NC2=C(N=CN2[C@@H]2O[C@H](COP(O)(O)=O)[C@@H](O)[C@H]2O)C(=O)N1,1
249,HMDB0001403,Prostaglandin D2,HMDB0001403,448457.0,15555.0,C00696,6221.0,[H][C@](O)(CCCCC)\C=C\[C@@]1([H])C(=O)C[C@]([H])(O)[C@]1([H])C\C=C/CCCC(O)=O,1
250,HMDB0001406,Niacinamide,HMDB0001406,936.0,17154.0,C00153,1497.0,NC(=O)C1=CC=CN=C1,1
251,HMDB0001419,24-Hydroxycholesterol,HMDB0001419,121948.0,34310.0,C13550,,[H][C@@]1(CC[C@@]2([H])[C@]3([H])CC=C4C[C@@H](O)CC[C@]4(C)[C@@]3([H])CC[C@]12C)[C@H](C)CC[C@H](O)C(C)C,1
252,HMDB0001425,Estrone sulfate,HMDB0001425,3001028.0,17474.0,C02538,3556.0,C[C@]12CC[C@H]3[C@@H](CCC4=C3C=CC(OS(O)(=O)=O)=C4)[C@@H]1CCC2=O,1
253,HMDB0001429,Phosphate,HMDB0001429,1004.0,26078.0,C00009,3231.0,OP(O)(O)=O,1
254,HMDB0001431,Pyridoxamine,HMDB0001431,1052.0,16410.0,C00534,238.0,CC1=C(O)C(CN)=C(CO)C=N1,1
255,HMDB0001438,25-Hydroxyvitamin D2,HMDB0001438,22833566.0,,,,C[C@H](\C=C\[C@H](C)C(O)(C)C)C1CC[C@@]2([H])\C(CCC[C@]12C)=C\C=C1\C[C@@H](O)CCC1=C,1
256,HMDB0001442,Prostaglandin E1,HMDB0001442,5280723.0,15544.0,C04741,416.0,CCCCC[C@H](O)\C=C\[C@H]1[C@H](O)CC(=O)[C@@H]1CCCCCCC(O)=O,1
257,HMDB0001448,Sulfate,HMDB0001448,1117.0,26836.0,C00059,3233.0,OS(O)(=O)=O,1
258,HMDB0001449,Allopregnanolone,HMDB0001449,92786.0,50169.0,C13712,,[H][C@@]1(CC[C@@]2([H])[C@]3([H])CC[C@@]4([H])C[C@H](O)CC[C@]4(C)[C@@]3([H])CC[C@]12C)C(C)=O,1
259,HMDB0001451,(R)-Lipoic acid,HMDB0001451,6112.0,30314.0,C16241,126.0,OC(=O)CCCC[C@@H]1CCSS1,1
260,HMDB0001452,Thromboxane A2,HMDB0001452,5280497.0,15627.0,C02198,6253.0,CCCCC[C@H](O)\C=C\[C@H]1O[C@H]2C[C@H](O2)[C@@H]1C\C=C/CCCC(O)=O,1
261,HMDB0001453,Thiocyanate,HMDB0001453,9322.0,18022.0,C01755,,[S-]C#N,1
262,HMDB0001455,Alloepipregnanolone,HMDB0001455,92787.0,11909.0,C15484,,[H][C@@]12CC[C@H](C(C)=O)[C@@]1(C)CC[C@@]1([H])[C@@]2([H])CC[C@@]2([H])C[C@@H](O)CC[C@]12C,1
263,HMDB0001471,Epipregnanolone,HMDB0001471,228491.0,16229.0,C11825,,[H][C@@]1(CC[C@@]2([H])[C@]3([H])CC[C@]4([H])C[C@@H](O)CC[C@]4(C)[C@@]3([H])CC[C@]12C)C(C)=O,1
264,HMDB0001488,Nicotinic acid,HMDB0001488,938.0,15940.0,C00253,6272.0,OC(=O)C1=CN=CC=C1,1
265,HMDB0001492,gamma-Tocopherol,HMDB0001492,92729.0,18185.0,C02483,6276.0,CC(C)CCC[C@@H](C)CCC[C@@H](C)CCC[C@]1(C)CCC2=CC(O)=C(C)C(C)=C2O1,1
266,HMDB0001496,7alpha-Hydroxycholesterol,HMDB0001496,107722.0,17500.0,C03594,6280.0,[H][C@@]1(CC[C@@]2([H])[C@]3([H])[C@H](O)C=C4C[C@@H](O)CC[C@]4(C)[C@@]3([H])CC[C@]12C)[C@H](C)CCCC(C)C,1
267,HMDB0001509,20-Hydroxy-leukotriene B4,HMDB0001509,5280745.0,15646.0,C04853,6287.0,OCCCCC\C=C/C[C@@H](O)\C=C\C=C\C=C/[C@@H](O)CCCC(O)=O,1
268,HMDB0001514,Glucosamine,HMDB0001514,439213.0,47977.0,C00329,266.0,N[C@H]1C(O)O[C@H](CO)[C@@H](O)[C@@H]1O,1
269,HMDB0001545,Pyridoxal,HMDB0001545,1050.0,17310.0,C00250,6312.0,CC1=NC=C(CO)C(C=O)=C1O,1
270,HMDB0001547,Corticosterone,HMDB0001547,5753.0,16827.0,C02140,6314.0,[H][C@@]1(CC[C@@]2([H])[C@]3([H])CCC4=CC(=O)CC[C@]4(C)[C@@]3([H])[C@@]([H])(O)C[C@]12C)C(=O)CO,1
271,HMDB0001562,Folinic acid,HMDB0001562,149436.0,63606.0,C03479,6323.0,NC1=NC(=O)C2=C(NC[C@H](CNC3=CC=C(C=C3)C(=O)N[C@@H](CCC(O)=O)C(O)=O)N2C=O)N1,1
272,HMDB0001659,Acetone,HMDB0001659,180.0,15347.0,C00207,3745.0,CC(C)=O,1
273,HMDB0001830,Progesterone,HMDB0001830,5994.0,17026.0,C00410,402.0,[H][C@@]12CC[C@H](C(C)=O)[C@@]1(C)CC[C@@]1([H])[C@@]2([H])CCC2=CC(=O)CC[C@]12C,1
274,HMDB0001846,Tetrahydrofolic acid,HMDB0001846,91443.0,20506.0,C00101,714.0,NC1=NC(=O)C2=C(NC[C@H](CNC3=CC=C(C=C3)C(=O)NC(CCC(O)=O)C(O)=O)N2)N1,1
275,HMDB0001851,L-Arabitol,HMDB0001851,439255.0,18403.0,C00532,141.0,OC[C@H](O)C(O)[C@@H](O)CO,1
276,HMDB0001852,all-trans-Retinoic acid,HMDB0001852,444795.0,15367.0,C00777,2277.0,C\C(\C=C\C1=C(C)CCCC1(C)C)=C/C=C/C(/C)=C/C(O)=O,1
277,HMDB0001870,Benzoic acid,HMDB0001870,243.0,30746.0,C00180,1297.0,OC(=O)C1=CC=CC=C1,1
278,HMDB0001875,Methanol,HMDB0001875,887.0,17790.0,C00132,4201.0,CO,1
279,HMDB0001893,alpha-Tocopherol,HMDB0001893,14985.0,18145.0,C02477,6376.0,CC(C)CCC[C@@H](C)CCC[C@@H](C)CCC[C@]1(C)CCC2=C(C)C(O)=C(C)C(C)=C2O1,1
280,HMDB0001903,Calcitriol,HMDB0001903,5280453.0,17823.0,C01673,6382.0,C[C@H](CCCC(C)(C)O)[C@@]1([H])CC[C@@]2([H])\C(CCC[C@]12C)=C\C=C1\C[C@@H](O)C[C@H](O)C1=C,1
281,HMDB0001913,Omeprazole,HMDB0001913,4594.0,77260.0,C07324,1632.0,COC1=CC2=C(C=C1)N=C(N2)S(=O)CC1=NC=C(C)C(OC)=C1C,1
282,HMDB0001926,17a-Ethynylestradiol,HMDB0001926,5991.0,4903.0,C07534,6392.0,[H][C@@]12CC[C@@](O)(C#C)[C@@]1(C)CC[C@]1([H])C3=C(CC[C@@]21[H])C=C(O)C=C3,1
283,HMDB0001967,Carbon dioxide,HMDB0001967,280.0,16526.0,C00011,3199.0,O=C=O,1
284,HMDB0001983,5'-Deoxyadenosine,HMDB0001983,439182.0,17319.0,C05198,,C[C@H]1O[C@H]([C@H](O)[C@@H]1O)N1C=NC2=C(N)N=CN=C12,1
285,HMDB0001993,7a-Hydroxy-cholestene-3-one,HMDB0001993,123743.0,17899.0,C05455,6419.0,[H][C@@]1(CC[C@@]2([H])[C@]3([H])[C@H](O)CC4=CC(=O)CC[C@]4(C)[C@@]3([H])CC[C@]12C)[C@H](C)CCCC(C)C,1
286,HMDB0001999,Eicosapentaenoic acid,HMDB0001999,446284.0,28364.0,C06428,6423.0,CC\C=C/C\C=C/C\C=C/C\C=C/C\C=C/CCCC(O)=O,1
287,HMDB0002003,Tetracosanoic acid,HMDB0002003,11197.0,28866.0,C08320,6427.0,CCCCCCCCCCCCCCCCCCCCCCCC(O)=O,1
288,HMDB0002013,Butyrylcarnitine,HMDB0002013,213144.0,21949.0,C02862,6436.0,CCCC(=O)O[C@H](CC([O-])=O)C[N+](C)(C)C,1
289,HMDB0002014,cis-5-Tetradecenoylcarnitine,HMDB0002014,22833575.0,73060.0,,6437.0,CCCCCCCC\C=C/CCCC(=O)OC(CC([O-])=O)C[N+](C)(C)C,1
290,HMDB0002027,8-Dehydrocholesterol,HMDB0002027,129846.0,89982.0,,,[H][C@@]1(CC[C@@]2([H])C3=C(CC[C@]12C)[C@@]1(C)CC[C@H](O)CC1=CC3)[C@H](C)CCCC(C)C,1
291,HMDB0002061,Hyaluronic acid,HMDB0002061,53477741.0,150712.0,C00518,,[H]O[C@H]1[C@H](O)[C@@H](CO)O[C@@H](O[C@H]2[C@H](O)[C@@H](O)[C@H](O)O[C@@H]2C(O)=O)[C@@H]1NC(C)=O,1
292,HMDB0002068,Erucic acid,HMDB0002068,5281116.0,28792.0,C08316,6470.0,CCCCCCCC\C=C/CCCCCCCCCCCC(O)=O,1
293,HMDB0002088,Oleoylethanolamide,HMDB0002088,5283454.0,71466.0,,,CCCCCCCC\C=C/CCCCCCCC(=O)NCCO,1
294,HMDB0002095,Malonylcarnitine,HMDB0002095,91825606.0,85470.0,,6484.0,C[N+](C)(C)C[C@@H](CC([O-])=O)OC(=O)CC(O)=O,1
295,HMDB0002100,Palmitoylethanolamide,HMDB0002100,4671.0,71464.0,C16512,,CCCCCCCCCCCCCCCC(=O)NCCO,1
296,HMDB0002103,27-Hydroxycholesterol,HMDB0002103,123976.0,76591.0,C15610,6487.0,[H][C@@]1(CC[C@@]2([H])[C@]3([H])CC=C4C[C@@H](O)CC[C@]4(C)[C@@]3([H])CC[C@]12C)[C@H](C)CCC[C@@H](C)CO,1
297,HMDB0002111,Water,HMDB0002111,962.0,15377.0,C00001,3194.0,O,1
298,HMDB0002117,Oleamide,HMDB0002117,5283387.0,116314.0,C19670,,CCCCCCCC\C=C/CCCCCCCC(N)=O,1
299,HMDB0002177,"Cis-8,11,14,17-Eicosatetraenoic acid",HMDB0002177,11722594.0,71488.0,,,CC\C=C/C\C=C/C\C=C/C\C=C/CCCCCCC(O)=O,1
300,HMDB0002183,Docosahexaenoic acid,HMDB0002183,445580.0,28125.0,C06429,3457.0,CC\C=C/C\C=C/C\C=C/C\C=C/C\C=C/C\C=C/CCC(O)=O,1
301,HMDB0002190,"5,6-Epoxy-8,11,14-eicosatrienoic acid",HMDB0002190,5283202.0,34450.0,C14768,,CCCCC\C=C/C\C=C/C\C=C/CC1OC1CCCC(O)=O,1
302,HMDB0002200,Leukotriene E4,HMDB0002200,5280879.0,15650.0,C05952,3536.0,CCCCC\C=C/C\C=C/C=C/C=C/[C@@H](SC[C@H](N)C(O)=O)[C@@H](O)CCCC(O)=O,1
303,HMDB0002212,Arachidic acid,HMDB0002212,10467.0,28822.0,C06425,401.0,CCCCCCCCCCCCCCCCCCCC(O)=O,1
304,HMDB0002226,Adrenic acid,HMDB0002226,5497181.0,53487.0,C16527,6560.0,CCCCC\C=C/C\C=C/C\C=C/C\C=C/CCCCCC(O)=O,1
305,HMDB0002231,11Z-Eicosenoic acid,HMDB0002231,5282768.0,32425.0,C16526,6563.0,CCCCCCCC\C=C/CCCCCCCCCC(O)=O,1
306,HMDB0002232,"8,9-Epoxyeicosatrienoic acid",HMDB0002232,5283203.0,34490.0,C14769,,CCCCC\C=C/C\C=C/CC1OC1C\C=C/CCCC(O)=O,1
307,HMDB0002250,Dodecanoylcarnitine,HMDB0002250,168381.0,77086.0,,6573.0,CCCCCCCCCCCC(=O)O[C@H](CC(O)=O)C[N+](C)(C)C,1
308,HMDB0002259,Heptadecanoic acid,HMDB0002259,10465.0,32365.0,,6578.0,CCCCCCCCCCCCCCCCC(O)=O,1
309,HMDB0002329,Oxalic acid,HMDB0002329,971.0,16995.0,C00209,113.0,OC(=O)C(O)=O,1
310,HMDB0002356,Hexacosanoic acid,HMDB0002356,10469.0,31009.0,,6642.0,CCCCCCCCCCCCCCCCCCCCCCCCCC(O)=O,1
311,HMDB0002368,Nervonic acid,HMDB0002368,5281120.0,44247.0,C08323,262.0,CCCCCCCC\C=C/CCCCCCCCCCCCCC(O)=O,1
312,HMDB0002369,9-cis-Retinoic acid,HMDB0002369,449171.0,50648.0,C15493,,C\C(\C=C\C1=C(C)CCCC1(C)C)=C\C=C\C(\C)=C\C(O)=O,1
313,HMDB0002580,Taurolithocholic acid 3-sulfate,HMDB0002580,440071.0,17864.0,C03642,6716.0,[H][C@@]1(CC[C@@]2([H])[C@]3([H])CC[C@]4([H])C[C@@H](CC[C@]4(C)[C@@]3([H])CC[C@]12C)OS(O)(=O)=O)[C@H](C)CCC(=O)NCCS(O)(=O)=O,1
314,HMDB0002596,Deoxycholic acid 3-glucuronide,HMDB0002596,53477755.0,,C03033,6721.0,[H][C@@]12CCC([C@H](C)CCC(O)=O)[C@@]1(C)[C@@H](O)C[C@@]1([H])[C@@]2([H])CC[C@]2([H])C[C@@H](CC[C@]12C)OC1O[C@@H]([C@@H](O)[C@H](O)[C@H]1O)C(O)=O,1
315,HMDB0002639,Sulfolithocholylglycine,HMDB0002639,72222.0,9347.0,C11301,6725.0,[H][C@@]1(CC[C@@]2([H])[C@]3([H])CC[C@]4([H])C[C@@H](CC[C@]4(C)[C@@]3([H])CC[C@]12C)OS(O)(=O)=O)[C@H](C)CCC(=O)NCC(O)=O,1
316,HMDB0002656,Prostaglandin A1,HMDB0002656,5281912.0,15545.0,C04685,407.0,CCCCC[C@H](O)\C=C\[C@H]1C=CC(=O)[C@@H]1CCCCCCC(O)=O,1
317,HMDB0002664,Prostaglandin E3,HMDB0002664,5280937.0,28031.0,C06439,3494.0,CC\C=C/C[C@H](O)\C=C\[C@H]1[C@H](O)CC(=O)[C@@H]1C\C=C/CCCC(O)=O,1
318,HMDB0002685,Prostaglandin F1a,HMDB0002685,5280939.0,28852.0,C06475,3503.0,CCCCC[C@H](O)\C=C\[C@H]1[C@H](O)C[C@H](O)[C@@H]1CCCCCCC(O)=O,1
319,HMDB0002689,"13,14-Dihydro PGE1",HMDB0002689,161273.0,1000694.0,,,CCCCC[C@H](O)CC[C@H]1[C@H](O)CC(=O)[C@@H]1CCCCCCC(O)=O,1
320,HMDB0002710,Prostaglandin J2,HMDB0002710,5280884.0,27485.0,C05957,3464.0,CCCCC[C@H](O)\C=C\[C@@H]1[C@@H](C\C=C/CCCC(O)=O)C=CC1=O,1
321,HMDB0002719,Desmosterol,HMDB0002719,439577.0,17737.0,C01802,423.0,[H][C@@]1(CC[C@@]2([H])[C@]3([H])CC=C4C[C@@H](O)CC[C@]4(C)[C@@]3([H])CC[C@]12C)[C@H](C)CCC=C(C)C,1
322,HMDB0002725,Nandrolone,HMDB0002725,9904.0,7466.0,C07254,1434.0,[H][C@@]12CC[C@H](O)[C@@]1(C)CC[C@]1([H])[C@@]3([H])CCC(=O)C=C3CC[C@@]21[H],1
323,HMDB0002752,Prostaglandin A2,HMDB0002752,5280880.0,27820.0,C05953,3465.0,CCCCC[C@H](O)\C=C\[C@H]1C=CC(=O)[C@@H]1C\C=C/CCCC(O)=O,1
324,HMDB0002759,Androsterone sulfate,HMDB0002759,159663.0,83037.0,,3559.0,[H][C@@]12CCC(=O)[C@@]1(C)CC[C@@]1([H])[C@@]2([H])CC[C@@]2([H])C[C@@H](CC[C@]12C)OS(O)(=O)=O,1
325,HMDB0002789,Zeaxanthin,HMDB0002789,5280899.0,27547.0,C06098,3602.0,C\C(\C=C\C=C(/C)\C=C\C1=C(C)C[C@@H](O)CC1(C)C)=C/C=C/C=C(\C)/C=C/C=C(\C)/C=C/C1=C(C)C[C@@H](O)CC1(C)C,1
326,HMDB0002802,Cortisone,HMDB0002802,222786.0,16962.0,C00762,271.0,[H][C@@]12CC[C@](O)(C(=O)CO)[C@@]1(C)CC(=O)[C@@]1([H])[C@@]2([H])CCC2=CC(=O)CC[C@]12C,1
327,HMDB0002815,LysoPC(18:1/0:0),HMDB0002815,16081932.0,28610.0,C04230,184.0,CCCCCCCC\C=C/CCCCCCCC(=O)OC[C@@H](O)COP([O-])(=O)OCC[N+](C)(C)C,1
328,HMDB0002820,Methylimidazoleacetic acid,HMDB0002820,75810.0,1606.0,C05828,3774.0,CN1C=NC(CC(O)=O)=C1,1
329,HMDB0002823,Docosatrienoic acid,HMDB0002823,5312557.0,77807.0,,195.0,CC\C=C/C\C=C/C\C=C/CCCCCCCCCCCC(O)=O,1
330,HMDB0002829,Androsterone glucuronide,HMDB0002829,114833.0,28832.0,C11135,2796.0,[H][C@@]12CCC(=O)[C@@]1(C)CC[C@@]1([H])[C@@]2([H])CC[C@@]2([H])C[C@@H](CC[C@]12C)O[C@@H]1O[C@@H]([C@@H](O)[C@H](O)[C@H]1O)C(O)=O,1
331,HMDB0002833,Testosterone sulfate,HMDB0002833,119207.0,84094.0,,3558.0,[H][C@@]12CC[C@H](OS(O)(=O)=O)[C@@]1(C)CC[C@@]1([H])[C@@]2([H])CCC2=CC(=O)CC[C@]12C,1
332,HMDB0002884,Cetoleic acid,HMDB0002884,5282771.0,32428.0,,261.0,CCCCCCCCCC\C=C/CCCCCCCCCC(O)=O,1
333,HMDB0002925,Dihomo-gamma-linolenic acid,HMDB0002925,5280581.0,53486.0,C03242,259.0,CCCCC\C=C/C\C=C/C\C=C/CCCCCCC(O)=O,1
334,HMDB0002961,Dihydrotestosterone,HMDB0002961,10635.0,16330.0,C03917,2789.0,[H][C@@]12CC[C@H](O)[C@@]1(C)CC[C@@]1([H])[C@@]2([H])CC[C@@]2([H])CC(=O)CC[C@]12C,1
335,HMDB0003034,Prostaglandin D3,HMDB0003034,5282260.0,34939.0,C13802,2560.0,CC\C=C/C[C@H](O)\C=C\[C@@H]1[C@@H](C\C=C/CCCC(O)=O)[C@@H](O)CC1=O,1
336,HMDB0003036,Triiodothyronine sulfate,HMDB0003036,122196.0,35432.0,,1006.0,N[C@@H](CC1=CC(I)=C(OC2=CC(I)=C(OS(O)(=O)=O)C=C2)C(I)=C1)C(O)=O,1
337,HMDB0003069,20alpha-Dihydroprogesterone,HMDB0003069,8956.0,28453.0,C04042,2125.0,[H][C@@]1(CC[C@@]2([H])[C@]3([H])CCC4=CC(=O)CC[C@]4(C)[C@@]3([H])CC[C@]12C)[C@H](C)O,1
338,HMDB0003073,gamma-Linolenic acid,HMDB0003073,5280933.0,28661.0,C06426,386.0,CCCCC\C=C/C\C=C/C\C=C/CCCCC(O)=O,1
339,HMDB0003141,Retinoyl b-glucuronide,HMDB0003141,5281877.0,28870.0,C11061,2280.0,O[C@@H]1[C@@H](O)[C@@H](O[C@H](C(O)=O)[C@H]1O)OC(=O)\C=C(/C)\C=C\C=C(/C)\C=C\C1=C(C)CCCC1(C)C,1
340,HMDB0003193,Testosterone glucuronide,HMDB0003193,108192.0,28835.0,C11134,2794.0,[H][C@@]12CC[C@H](O[C@@H]3O[C@@H]([C@@H](O)[C@H](O)[C@H]3O)C(O)=O)[C@@]1(C)CC[C@@]1([H])[C@@]2([H])CCC2=CC(=O)CC[C@]12C,1
341,HMDB0003229,Palmitoleic acid,HMDB0003229,445638.0,28716.0,C08362,188.0,CCCCCC\C=C/CCCCCCCC(O)=O,1
342,HMDB0003231,Vaccenic acid,HMDB0003231,5281127.0,28727.0,C08367,3407.0,CCCCCC\C=C\CCCCCCCCCC(O)=O,1
343,HMDB0003233,Lutein,HMDB0003233,5281243.0,28838.0,C08601,3601.0,C\C(\C=C\C=C(/C)\C=C\[C@H]1C(C)=C[C@H](O)CC1(C)C)=C/C=C/C=C(\C)/C=C/C=C(\C)/C=C/C1=C(C)C[C@@H](O)CC1(C)C,1
344,HMDB0003252,Thromboxane B2,HMDB0003252,5283137.0,28728.0,C05963,422.0,CCCCC[C@H](O)\C=C\[C@H]1OC(O)C[C@H](O)[C@@H]1C\C=C/CCCC(O)=O,1
345,HMDB0003337,Oxidized glutathione,HMDB0003337,65359.0,17858.0,C00127,6893.0,N[C@@H](CCC(=O)N[C@@H](CSSC[C@H](NC(=O)CC[C@H](N)C(O)=O)C(=O)NCC(O)=O)C(=O)NCC(O)=O)C(O)=O,1
346,HMDB0003352,Menthol,HMDB0003352,16666.0,15409.0,C00400,,CC(C)[C@@H]1CC[C@@H](C)C[C@H]1O,1
347,HMDB0003375,(+)-Limonene,HMDB0003375,440917.0,15382.0,C06099,6911.0,CC(=C)[C@@H]1CCC(C)=CC1,1
348,HMDB0003378,Nitric oxide,HMDB0003378,145068.0,16480.0,C00533,6912.0,[N]=O,1
349,HMDB0003406,D-Serine,HMDB0003406,71077.0,16523.0,C00740,6920.0,N[C@H](CO)C(O)=O,1
350,HMDB0003550,Calcidiol,HMDB0003550,5283731.0,17933.0,C01561,6949.0,C[C@H](CCCC(C)(C)O)[C@@]1([H])CC[C@@]2([H])\C(CCC[C@]12C)=C\C=C1\C[C@@H](O)CCC1=C,1
351,HMDB0003555,Vitamin K1,HMDB0003555,5284607.0,18067.0,C05850,7027.0,CC(C)CCC[C@@H](C)CCC[C@@H](C)CCC\C(C)=C\CC1=C(C)C(=O)C2=C(C=CC=C2)C1=O,1
352,HMDB0003598,Retinyl ester,HMDB0003598,5460164.0,545914.0,C02075,6966.0,CC1CCCC(C)(C)C1\C=C\C(\C)=C\C=C\C(\C)=C\C(O)=O,1
353,HMDB0003634,Perillyl alcohol,HMDB0003634,10819.0,15420.0,C02452,6969.0,CC(=C)C1CCC(CO)=CC1,1
354,HMDB0003648,Retinyl palmitate,HMDB0003648,5280531.0,17616.0,C02588,6970.0,CCCCCCCCCCCCCCCC(=O)OC\C=C(/C)\C=C\C=C(/C)\C=C\C1=C(C)CCCC1(C)C,1
355,HMDB0003681,4-Acetamidobutanoic acid,HMDB0003681,18189.0,17645.0,C02946,,CC(=O)NCCCC(O)=O,1
356,HMDB0003759,"5a-Pregnane-3,20-dione",HMDB0003759,92810.0,28952.0,C03681,6981.0,[H][C@@]12CC[C@H](C(C)=O)[C@@]1(C)CC[C@@]1([H])[C@@]2([H])CC[C@@]2([H])CC(=O)CC[C@]12C,1
357,HMDB0003871,13-L-Hydroperoxylinoleic acid,HMDB0003871,5280720.0,15655.0,C04717,,CCCCC[C@H](OO)\C=C\C=C/CCCCCCCC(O)=O,1
358,HMDB0003876,15-HETE,HMDB0003876,5280724.0,15558.0,C04742,,CCCCC[C@H](O)\C=C\C=C/C\C=C/C\C=C/CCCC(O)=O,1
359,HMDB0003955,"19-Hydroxyandrost-4-ene-3,17-dione",HMDB0003955,252379.0,27576.0,C05290,6990.0,[H][C@@]12CCC(=O)[C@@]1(C)CC[C@@]1([H])[C@@]2([H])CCC2=CC(=O)CC[C@]12CO,1
360,HMDB0004026,21-Hydroxypregnenolone,HMDB0004026,247020.0,28043.0,C05485,7002.0,[H][C@@]12CC[C@H](C(=O)CO)[C@@]1(C)CC[C@@]1([H])[C@@]2([H])CC=C2C[C@@H](O)CC[C@]12C,1
361,HMDB0004030,21-Deoxycortisol,HMDB0004030,222803.0,,C05497,7004.0,[H][C@@]12CC[C@](O)(C(C)=O)[C@@]1(C)C[C@@H](O)[C@@]1([H])[C@@]2([H])CCC2=CC(=O)CC[C@]12C,1
362,HMDB0004031,11beta-Hydroxyprogesterone,HMDB0004031,101788.0,28247.0,C05498,7005.0,[H][C@@]12CC[C@H](C(C)=O)[C@@]1(C)C[C@H](O)[C@@]1([H])[C@@]2([H])CCC2=CC(=O)CC[C@]12C,1
363,HMDB0004063,Metanephrine,HMDB0004063,21100.0,144365.0,C05588,65.0,CNCC(O)C1=CC(OC)=C(O)C=C1,1
364,HMDB0004080,Anandamide,HMDB0004080,5281969.0,2700.0,C11695,,CCCCC\C=C/C\C=C/C\C=C/C\C=C/CCCC(=O)NCCO,1
365,HMDB0004225,2-Oxoarginine,HMDB0004225,558.0,28116.0,C03771,7030.0,NC(N)=NCCCC(=O)C(O)=O,1
366,HMDB0004236,Prostaglandin B2,HMDB0004236,5288144.0,28099.0,C05954,,CCCCC[C@@H](O)\C=C\C1=C(C\C=C/CCCC(O)=O)C(=O)CC1,1
367,HMDB0004238,Delta-12-Prostaglandin J2,HMDB0004238,5280885.0,28130.0,C05958,7034.0,CCCCC[C@H](O)C\C=C1/[C@@H](C\C=C/CCCC(O)=O)C=CC1=O,1
368,HMDB0004243,12(S)-HPETE,HMDB0004243,5280892.0,15626.0,C05965,7038.0,CCCCC\C=C/C[C@H](OO)\C=C\C=C/C\C=C/CCCC(O)=O,1
369,HMDB0004244,15(S)-HPETE,HMDB0004244,5280893.0,15628.0,C05966,7039.0,CCCCC[C@H](OO)\C=C\C=C/C\C=C/C\C=C/CCCC(O)=O,1
370,HMDB0004264,"14,15-Epoxy-5,8,11-eicosatrienoic acid",HMDB0004264,5283205.0,34157.0,C14771,,CCCCCC1OC1C\C=C/C\C=C/C\C=C/CCCC(O)=O,1
371,HMDB0004305,Farnesol,HMDB0004305,445070.0,16619.0,C06081,7048.0,CC(C)=CCC\C(C)=C\CC\C(C)=C\CO,1
372,HMDB0004362,4-Hydroxynonenal,HMDB0004362,5283344.0,58968.0,,,CCCCCC(O)\C=C\C=O,1
373,HMDB0004385,Lipoxin A4,HMDB0004385,5280914.0,6498.0,C06314,7058.0,CCCCC[C@H](O)\C=C\C=C/C=C/C=C/[C@@H](O)[C@@H](O)CCCC(O)=O,1
374,HMDB0004483,Estrone glucuronide,HMDB0004483,115255.0,28919.0,C11133,7063.0,[H][C@@]12CCC(=O)[C@@]1(C)CC[C@]1([H])C3=CC=C(O[C@@H]4O[C@@H]([C@@H](O)[C@H](O)[C@H]4O)C(O)=O)C=C3CC[C@@]21[H],1
375,HMDB0004484,Etiocholanolone glucuronide,HMDB0004484,443078.0,37451.0,C11136,7064.0,[H][C@@]12CCC(=O)[C@@]1(C)CC[C@@]1([H])[C@@]2([H])CC[C@]2([H])C[C@@H](CC[C@]12C)O[C@@H]1O[C@@H]([C@@H](O)[C@H](O)[C@H]1O)C(O)=O,1
376,HMDB0004586,Perillic acid,HMDB0004586,1256.0,36999.0,C11924,,CC(=C)C1CCC(=CC1)C(O)=O,1
377,HMDB0004666,"MG(0:0/20:4(5Z,8Z,11Z,14Z)/0:0)",HMDB0004666,5282280.0,52392.0,C13856,,[H]C(CO)(CO)OC(=O)CCC\C=C/C\C=C/C\C=C/C\C=C/CCCCC,1
378,HMDB0004667,13-HODE,HMDB0004667,6443013.0,34154.0,C14762,,CCCCC[C@H](O)\C=C\C=C/CCCCCCCC(O)=O,1
379,HMDB0004670,alpha-Dimorphecolic acid,HMDB0004670,5312830.0,34496.0,C14767,,CCCCC\C=C/C=C/[C@@H](O)CCCCCCCC(O)=O,1
380,HMDB0004673,"11,12-Epoxyeicosatrienoic acid",HMDB0004673,40490664.0,132276.0,C14770,7069.0,CCCCC\C=C/C[C@H]1O[C@H]1C\C=C/C\C=C/CCCC(O)=O,1
381,HMDB0004679,8-HETE,HMDB0004679,5283154.0,34486.0,C14776,,CCCCC\C=C/C\C=C/C=C/[C@@H](O)C\C=C/CCCC(O)=O,1
382,HMDB0004685,"13,14-Dihydro-15-keto PGF2a",HMDB0004685,5283039.0,63976.0,,,CCCCCC(=O)CC[C@H]1[C@H](O)C[C@H](O)[C@@H]1C\C=C/CCCC(O)=O,1
383,HMDB0004701,"9,10-Epoxyoctadecenoic acid",HMDB0004701,6246154.0,34494.0,C14825,,CCCCC\C=C/CC1OC1CCCCCCCC(O)=O,1
384,HMDB0004702,"12,13-EpOME",HMDB0004702,5356421.0,38299.0,C14826,,CCCCCC1OC1C\C=C/CCCCCCCC(O)=O,1
385,HMDB0004704,"9,10-DHOME",HMDB0004704,25320862.0,72663.0,C14828,,CCCCC\C=C/C[C@@H](O)[C@H](O)CCCCCCCC(O)=O,1
386,HMDB0004705,"12,13-DHOME",HMDB0004705,25320870.0,72665.0,C14829,,CCCCC[C@H](O)[C@@H](O)C\C=C/CCCCCCCC(O)=O,1
387,HMDB0004866,LacCer(d18:1/12:0),HMDB0004866,131675307.0,89446.0,C01290,7123.0,[H][C@@](CO[C@@H]1O[C@H](CO)[C@@H](O[C@]2([H])O[C@H](CO)[C@H](O)[C@H](O)[C@H]2O)[C@H](O)[C@H]1O)(NC(=O)CCCCCCCCCCC)[C@H](O)\C=C\CCCCCCCCCCCCC,1
388,HMDB0004947,Cer(d18:1/12:0),HMDB0004947,5283562.0,72956.0,C00195,7200.0,[H][C@@](CO)(NC(=O)CCCCCCCCCCC)[C@H](O)\C=C\CCCCCCCCCCCCC,1
389,HMDB0004948,Cer(d18:1/18:1(9Z)),HMDB0004948,5283563.0,77996.0,C00195,7201.0,[H][C@@](CO)(NC(=O)CCCCCCC\C=C/CCCCCCCC)[C@H](O)\C=C\CCCCCCCCCCCCC,1
390,HMDB0004949,Cer(d18:1/16:0),HMDB0004949,5283564.0,72959.0,C00195,7202.0,[H][C@@](CO)(NC(=O)CCCCCCCCCCCCCCC)[C@H](O)\C=C\CCCCCCCCCCCCC,1
391,HMDB0004950,Cer(d18:1/18:0),HMDB0004950,5283565.0,72961.0,C00195,7203.0,[H][C@@](CO)(NC(=O)CCCCCCCCCCCCCCCCC)[C@H](O)\C=C\CCCCCCCCCCCCC,1
392,HMDB0004951,Cer(d18:1/20:0),HMDB0004951,5283566.0,72962.0,C00195,7204.0,[H][C@@](CO)(NC(=O)CCCCCCCCCCCCCCCCCCC)[C@H](O)\C=C\CCCCCCCCCCCCC,1
393,HMDB0004953,Cer(d18:1/24:1),HMDB0004953,5283568.0,74450.0,C00195,7206.0,CCCCCCCCCCCCC\C=C\[C@@H](O)[C@H](CO)NC(=O)CCCCCCCCCCCCC\C=C/CCCCCCCC,1
394,HMDB0004956,Cer(d18:1/24:0),HMDB0004956,5283571.0,72965.0,C00195,7209.0,[H][C@@](CO)(NC(=O)CCCCCCCCCCCCCCCCCCCCCCC)[C@H](O)\C=C\CCCCCCCCCCCCC,1
395,HMDB0004969,GlcCer(d18:1/12:0),HMDB0004969,20057354.0,76297.0,C01190,7222.0,CCCCCCCCCCCCC\C=C\[C@@H](O)[C@H](CO[C@@H]1O[C@H](CO)[C@@H](O)[C@H](O)[C@H]1O)NC(=O)CCCCCCCCCCC,1
396,HMDB0005060,Eicosadienoic acid,HMDB0005060,6439848.0,73731.0,C16525,,CCCCC\C=C/C\C=C/CCCCCCCCCC(O)=O,1
397,HMDB0005065,Oleoylcarnitine,HMDB0005065,46907933.0,84651.0,,,CCCCCCCC\C=C/CCCCCCCC(=O)O[C@H](CC(O)=O)C[N+](C)(C)C,1
398,HMDB0005066,Tetradecanoylcarnitine,HMDB0005066,53477791.0,84634.0,,,CCCCCCCCCCCCCC(=O)O[C@H](CC(O)=O)C[N+](C)(C)C,1
399,HMDB0005073,Leukotriene B5,HMDB0005073,5283125.0,88493.0,,,CC\C=C/C\C=C/C[C@@H](O)\C=C\C=C\C=C/[C@@H](O)CCCC(O)=O,1
400,HMDB0005079,"15-Deoxy-d-12,14-PGJ2",HMDB0005079,5311211.0,34159.0,C14717,,CCCCC\C=C\C=C1/[C@@H](C\C=C/CCCC(O)=O)C=CC1=O,1
401,HMDB0005087,6-trans-Leukotriene B4,HMDB0005087,5283128.0,63981.0,C02165,,CCCCC\C=C/C[C@@H](O)\C=C\C=C\C=C\[C@@H](O)CCCC(O)=O,1
402,HMDB0005088,6-trans-12-epi-Leukotriene B4,HMDB0005088,5283129.0,63982.0,,,CCCCC\C=C/C[C@H](O)\C=C\C=C\C=C\[C@@H](O)CCCC(O)=O,1
403,HMDB0005102,Prostaglandin D1,HMDB0005102,5280936.0,27696.0,C06438,,CCCCC[C@H](O)\C=C\[C@@H]1[C@@H](CCCCCCC(O)=O)[C@@H](O)CC1=O,1
404,HMDB0005176,Dolichol-20,HMDB0005176,6433320.0,16091.0,C00381,6407.0,CC(CCO)CC\C=C(/C)CC\C=C(/C)CC\C=C(/C)CC\C=C(/C)CC\C=C(\C)CC\C=C(/C)CC\C=C(/C)CC\C=C(/C)CC\C=C(/C)CC\C=C(/C)CC\C=C(/C)CC\C=C(/C)CC\C=C(/C)CC\C=C(\C)CC\C=C(/C)CC\C=C(/C)CC\C=C(/C)CC\C=C(/C)CCC=C(C)C,1
405,HMDB0005189,CE(18:1(11Z)),HMDB0005189,104810.0,37136.0,C13881,,CCCCCC\C=C/CCCCCCCCCC(=O)O[C@H]1CC[C@]2(C)C3CC[C@]4(C)C(CCC4C3CC=C2C1)[C@H](C)CCCC(C)C,1
406,HMDB0005382,TG(16:0/18:1(9Z)/18:1(9Z)),HMDB0005382,25240174.0,75583.0,,4798.0,[H][C@](COC(=O)CCCCCCCCCCCCCCC)(COC(=O)CCCCCCC\C=C/CCCCCCCC)OC(=O)CCCCCCC\C=C/CCCCCCCC,1
407,HMDB0005474,"TG(18:2(9Z,12Z)/18:2(9Z,12Z)/18:2(9Z,12Z))",HMDB0005474,5322095.0,75844.0,,,[H]C(COC(=O)CCCCCCC\C=C/C\C=C/CCCCC)(COC(=O)CCCCCCC\C=C/C\C=C/CCCCC)OC(=O)CCCCCCC\C=C/C\C=C/CCCCC,1
408,HMDB0005895,4-Hydroxyestrone,HMDB0005895,53477797.0,,,,C[C@@]12CCC3C(CCC4=C3C=CC(O)=C4O)C1CCC2=O,1
409,HMDB0005998,20-Hydroxyeicosatetraenoic acid,HMDB0005998,5283157.0,34306.0,C14748,,OCCCCC\C=C/C\C=C/C\C=C/C\C=C/CCCC(O)=O,1
410,HMDB0006059,20-Carboxy-leukotriene B4,HMDB0006059,5280877.0,27562.0,C05950,,O[C@@H](CCCC(O)=O)\C=C/C=C/C=C/[C@H](O)C\C=C/CCCCC(O)=O,1
411,HMDB0006111,12-HETE,HMDB0006111,5283155.0,34146.0,C14777,,CCCCC\C=C/C[C@H](O)\C=C\C=C/C\C=C/CCCC(O)=O,1
412,HMDB0006119,7beta-Hydroxycholesterol,HMDB0006119,473141.0,42989.0,,,[H][C@@]1(CC[C@@]2([H])[C@]3([H])[C@@H](O)C=C4C[C@@H](O)CC[C@]4(C)[C@@]3([H])CC[C@]12C)[C@H](C)CCCC(C)C,1
413,HMDB0006203,5-alpha-Dihydrotestosterone glucuronide,HMDB0006203,44263365.0,89417.0,,,[H][C@@]12CC[C@H](O[C@]3([H])O[C@@H]([C@@H](O)[C@H](O)[C@H]3O)C(O)=O)[C@@]1(C)CC[C@@]1([H])[C@@]2([H])CC[C@@]2([H])CC(=O)CC[C@]12C,1
414,HMDB0006210,Heptadecanoyl carnitine,HMDB0006210,53477803.0,131887.0,,,CCCCCCCCCCCCCCCCC(=O)OC(CC([O-])=O)C[N+](C)(C)C,1
415,HMDB0006219,13-cis-Retinoic acid,HMDB0006219,5282379.0,6067.0,C07058,,C\C(\C=C\C1=C(C)CCCC1(C)C)=C/C=C/C(/C)=C\C(O)=O,1
416,HMDB0006224,17-beta-Estradiol-3-glucuronide,HMDB0006224,440713.0,36489.0,C05503,,[H][C@@]12CC[C@H](O)[C@@]1(C)CC[C@]1([H])C3=C(CC[C@@]21[H])C=C(O[C@@H]1O[C@@H]([C@@H](O)[C@H](O)[C@H]1O)C(O)=O)C=C3,1
417,HMDB0006245,18-Hydroxyarachidonic acid,HMDB0006245,11141754.0,91132.0,,,CC[C@@H](O)CC\C=C/C\C=C/C\C=C/C\C=C/CCCC(O)=O,1
418,HMDB0006247,25-Hydroxycholesterol,HMDB0006247,53477807.0,37616.0,C15519,3899.0,[H]C12CC[C@H]([C@H](C)CCCC(C)(C)O)[C@@]1(C)CCC1([H])[C@@]2([H])CC=C2C[C@@H](O)CC[C@]12C,1
419,HMDB0006254,4-Hydroxyretinoic acid,HMDB0006254,6438629.0,63795.0,C16677,,C\C(\C=C\C1=C(C)C(O)CCC1(C)C)=C/C=C/C(/C)=C/C(O)=O,1
420,HMDB0006259,6beta-Hydroxytestosterone,HMDB0006259,18603089.0,34477.0,C14497,,[H][C@@]12CC[C@H](O)[C@@]1(C)CC[C@@]1([H])[C@@]2([H])C[C@@H](O)C2=CC(=O)CC[C@]12C,1
421,HMDB0006270,Linoelaidic acid,HMDB0006270,5282457.0,75108.0,,,CCCCC\C=C\C\C=C\CCCCCCCC(O)=O,1
422,HMDB0006275,Dopamine 3-O-sulfate,HMDB0006275,122136.0,37946.0,C13690,,NCCC1=CC(OS(O)(=O)=O)=C(O)C=C1,1
423,HMDB0006278,5a-Dihydrotestosterone sulfate,HMDB0006278,18665256.0,138026.0,,,[H][C@@]12CC[C@H](OS(O)(=O)=O)[C@@]1(C)CC[C@@]1([H])[C@@]2([H])CC[C@@]2([H])CC(=O)CC[C@]12C,1
424,HMDB0006317,trans-Hexadec-2-enoyl carnitine,HMDB0006317,53477817.0,86031.0,,,CCCCCCCCCCCCC\C=C\C(=O)OC(CC([O-])=O)C[N+](C)(C)C,1
425,HMDB0006318,Gamma-linolenyl carnitine,HMDB0006318,53477819.0,,,,CCCCC\C=C/C\C=C/C\C=C/CCCCC(=O)O[C@@H](CC([O-])=O)C[N+](C)(C)C,1
426,HMDB0006319,Alpha-linolenyl carnitine,HMDB0006319,53477821.0,,,,CC\C=C/C\C=C/C\C=C/CCCCCCCC(=O)O[C@@H](CC([O-])=O)C[N+](C)(C)C,1
427,HMDB0006327,alpha-Tocotrienol,HMDB0006327,5282347.0,33270.0,C14153,,CC(C)=CCC\C(C)=C\CC\C(C)=C\CC[C@]1(C)CCC2=C(C)C(O)=C(C)C(C)=C2O1,1
428,HMDB0006408,4-Hydroxy tolbutamide,HMDB0006408,3656.0,63799.0,,,CCCCNC(=O)NS(=O)(=O)C1=CC=C(CO)C=C1,1
429,HMDB0006409,Tyramine-O-sulfate,HMDB0006409,153005.0,133530.0,,,NCCC1=CC=C(OS(O)(=O)=O)C=C1,1
430,HMDB0006460,Arachidyl carnitine,HMDB0006460,53477833.0,73100.0,,,CCCCCCCCCCCCCCCCCCCC(=O)OC(CC([O-])=O)C[N+](C)(C)C,1
431,HMDB0006465,Leukotriene F4,HMDB0006465,5280938.0,27491.0,C06462,,CCCCC\C=C/C\C=C/C=C/C=C/[C@@H](SC[C@H](NC(=O)CC[C@H](N)C(O)=O)C(O)=O)[C@@H](O)CCCC(O)=O,1
432,HMDB0006468,4-Hydroxydebrisoquine,HMDB0006468,107669.0,63800.0,,,NC(=N)N1CC(O)C2=C(C1)C=CC=C2,1
433,HMDB0006469,Linoleyl carnitine,HMDB0006469,6450015.0,84098.0,,,CCCCC\C=C/C\C=C/CCCCCCCC(=O)O[C@H](CC(O)=O)C[N+](C)(C)C,1
434,HMDB0006472,Calcitroic acid,HMDB0006472,12918533.0,,,,[H][C@@]12CC[C@H]([C@H](C)CC(O)=O)[C@@]1(C)CCC\C2=C/C=C1\C[C@@H](O)C[C@H](O)C1=C,1
435,HMDB0006483,D-Aspartic acid,HMDB0006483,83887.0,17364.0,C00402,15.0,N[C@H](CC(O)=O)C(O)=O,1
436,HMDB0006528,Docosapentaenoic acid (22n-3),HMDB0006528,5497182.0,53488.0,C16513,194.0,CC\C=C/C\C=C/C\C=C/C\C=C/C\C=C/CCCCCC(O)=O,1
437,HMDB0006543,Debrisoquine,HMDB0006543,2966.0,34665.0,C13650,,NC(=N)N1CCC2=CC=CC=C2C1,1
438,HMDB0006547,Stearidonic acid,HMDB0006547,5312508.0,32389.0,C16300,,CC\C=C/C\C=C/C\C=C/C\C=C/CCCCC(O)=O,1
439,HMDB0006552,Aflatoxin B1,HMDB0006552,186907.0,2504.0,C06800,,[H][C@]12OC=C[C@@]1([H])C1=C(O2)C=C(OC)C2=C1OC(=O)C1=C2CCC1=O,1
440,HMDB0006766,Estriol-16-Glucuronide,HMDB0006766,122281.0,766.0,C05504,,C[C@]12CC[C@H]3[C@@H](CCC4=C3C=CC(O)=C4)[C@@H]1C[C@@H](O[C@@H]1O[C@@H]([C@@H](O)[C@H](O)[C@H]1O)C(O)=O)[C@@H]2O,1
441,HMDB0006840,"4,4-Dimethyl-5a-cholesta-8-en-3b-ol",HMDB0006840,45479706.0,27650.0,C15915,,[H][C@@](C)(CCCC(C)C)[C@@]1([H])CCC2C3=C(CC[C@]12C)[C@@]1(C)CC[C@H](O)C(C)(C)[C@]1([H])CC3,1
442,HMDB0006841,5alpha-Cholest-8-en-3beta-ol,HMDB0006841,101770.0,16608.0,C03845,,[H][C@@]1(CC[C@@]2([H])C3=C(CC[C@]12C)[C@@]1(C)CC[C@H](O)C[C@]1([H])CC3)[C@H](C)CCCC(C)C,1
443,HMDB0007098,DG(16:0/16:0),HMDB0007098,644078.0,82929.0,C00165,4255.0,[H][C@](CO)(COC(=O)CCCCCCCCCCCCCCC)OC(=O)CCCCCCCCCCCCCCC,1
444,HMDB0007102,DG(16:0/18:1(9Z)/0:0),HMDB0007102,5282283.0,75466.0,C13861,4260.0,[H][C@](CO)(COC(=O)CCCCCCCCCCCCCCC)OC(=O)CCCCCCC\C=C/CCCCCCCC,1
445,HMDB0007103,DG(16:0/18:2),HMDB0007103,9543695.0,82927.0,C00165,,[H][C@](CO)(COC(=O)CCCCCCCCCCCCCCC)OC(=O)CCCCCCC\C=C/C\C=C/CCCCC,1
446,HMDB0007112,"DG(16:0/20:4(5Z,8Z,11Z,14Z)/0:0)",HMDB0007112,9543736.0,77096.0,C00165,,[H][C@](CO)(COC(=O)CCCCCCCCCCCCCCC)OC(=O)CCC\C=C/C\C=C/C\C=C/C\C=C/CCCCC,1
447,HMDB0007121,"DG(16:0/22:6(4Z,7Z,10Z,13Z,16Z,19Z)/0:0)",HMDB0007121,9543827.0,82949.0,,,[H][C@](CO)(COC(=O)CCCCCCCCCCCCCCC)OC(=O)CC\C=C/C\C=C/C\C=C/C\C=C/C\C=C/C\C=C/CC,1
448,HMDB0007128,DG(16:1(9Z)/16:1(9Z)/0:0),HMDB0007128,9543679.0,84417.0,C00165,4265.0,[H][C@](CO)(COC(=O)CCCCCCC\C=C/CCCCCC)OC(=O)CCCCCCC\C=C/CCCCCC,1
449,HMDB0007158,DG(18:0/18:0/0:0),HMDB0007158,9543705.0,41847.0,C00165,4256.0,[H][C@](CO)(COC(=O)CCCCCCCCCCCCCCCCC)OC(=O)CCCCCCCCCCCCCCCCC,1
450,HMDB0007160,DG(18:0/18:1(9Z)/0:0),HMDB0007160,6443547.0,75468.0,C00165,4349.0,[H][C@](CO)(COC(=O)CCCCCCCCCCCCCCCCC)OC(=O)CCCCCCC\C=C/CCCCCCCC,1
451,HMDB0007161,"DG(18:0/18:2(9Z,12Z)/0:0)",HMDB0007161,6441562.0,77097.0,C00165,,[H]\C(CCCCC)=C(/[H])C\C([H])=C(\[H])CCCCCCCC(=O)O[C@@]([H])(CO)COC(=O)CCCCCCCCCCCCCCCCC,1
452,HMDB0007170,"DG(18:0/20:4(5Z,8Z,11Z,14Z)/0:0)",HMDB0007170,6438587.0,75728.0,C00165,,[H][C@](CO)(COC(=O)CCCCCCCCCCCCCCCCC)OC(=O)CCC\C=C/C\C=C/C\C=C/C\C=C/CCCCC,1
453,HMDB0007179,"DG(18:0/22:6(4Z,7Z,10Z,13Z,16Z,19Z)/0:0)",HMDB0007179,9543881.0,77129.0,,,[H][C@](CO)(COC(=O)CCCCCCCCCCCCCCCCC)OC(=O)CC\C=C/C\C=C/C\C=C/C\C=C/C\C=C/C\C=C/CC,1
454,HMDB0007214,DG(18:1(9Z)/16:0/0:0),HMDB0007214,5283471.0,75447.0,C00165,4259.0,[H][C@](CO)(COC(=O)CCCCCCC\C=C/CCCCCCCC)OC(=O)CCCCCCCCCCCCCCC,1
455,HMDB0007216,DG(18:1(9Z)/18:0/0:0),HMDB0007216,53478090.0,75448.0,,,[H][C@](CO)(COC(=O)CCCCCCC\C=C/CCCCCCCC)OC(=O)CCCCCCCCCCCCCCCCC,1
456,HMDB0007218,DG(18:1(9Z)/18:1(9Z)/0:0),HMDB0007218,9543716.0,52333.0,C00165,4355.0,[H][C@](CO)(COC(=O)CCCCCCC\C=C/CCCCCCCC)OC(=O)CCCCCCC\C=C/CCCCCCCC,1
457,HMDB0007219,"DG(18:1(9Z)/18:2(9Z,12Z)/0:0)",HMDB0007219,9543722.0,75450.0,C00165,4362.0,CCCCCCCC\C=C/CCCCCCCC(=O)OC[C@H](CO)OC(=O)CCCCCCC\C=C/C\C=C/CCCCC,1
458,HMDB0007228,"DG(18:1(9Z)/20:4(5Z,8Z,11Z,14Z)/0:0)",HMDB0007228,9543786.0,75449.0,C00165,,[H][C@](CO)(COC(=O)CCCCCCC\C=C/CCCCCCCC)OC(=O)CCC\C=C/C\C=C/C\C=C/C\C=C/CCCCC,1
459,HMDB0007248,DG(18:2/18:2),HMDB0007248,9543729.0,77127.0,C00165,4371.0,[H][C@](CO)(COC(=O)CCCCCCC\C=C/C\C=C/CCCCC)OC(=O)CCCCCCC\C=C/C\C=C/CCCCC,1
460,HMDB0007373,"DG(20:0/20:4(5Z,8Z,11Z,14Z)/0:0)",HMDB0007373,9543830.0,77093.0,C00165,4507.0,[H][C@](CO)(COC(=O)CCCCCCCCCCCCCCCCCCC)OC(=O)CCC\C=C/C\C=C/C\C=C/C\C=C/CCCCC,1
461,HMDB0007862,PA(18:1(11Z)/18:1(11Z)),HMDB0007862,53478602.0,89528.0,C00416,,[H][C@@](COC(=O)CCCCCCCCC\C=C/CCCCCC)(COP(O)(O)=O)OC(=O)CCCCCCCCC\C=C/CCCCCC,1
462,HMDB0007869,PC(30:0),HMDB0007869,129657.0,75062.0,C00157,,[H][C@@](COC(=O)CCCCCCCCCCCCC)(COP([O-])(=O)OCC[N+](C)(C)C)OC(=O)CCCCCCCCCCCCCCC,1
463,HMDB0007874,PC(32:2),HMDB0007874,24778624.0,86094.0,C00157,,[H][C@@](COC(=O)CCCCCCCCCCCCC)(COP([O-])(=O)OCC[N+](C)(C)C)OC(=O)CCCCCCC\C=C/C\C=C/CCCCC,1
464,HMDB0007883,PC(34:4),HMDB0007883,24778634.0,86102.0,C00157,,CCCCCCCCCCCCCC(=O)OC[C@]([H])(COP([O-])(=O)OCC[N+](C)(C)C)OC(=O)CCC\C=C/C\C=C/C\C=C/C\C=C/CCCCC,1
465,HMDB0007892,"PC(14:0/22:6(4Z,7Z,10Z,13Z,16Z,19Z))",HMDB0007892,24778639.0,86162.0,C00157,,CCCCCCCCCCCCCC(=O)OC[C@]([H])(COP([O-])(=O)OCC[N+](C)(C)C)OC(=O)CC\C=C/C\C=C/C\C=C/C\C=C/C\C=C/C\C=C/CC,1
466,HMDB0007965,PC(16:0/14:0),HMDB0007965,24778679.0,75304.0,C00157,,[H][C@@](COC(=O)CCCCCCCCCCCCCCC)(COP([O-])(=O)OCC[N+](C)(C)C)OC(=O)CCCCCCCCCCCCC,1
467,HMDB0007969,PC(16:0/16:1(9Z)),HMDB0007969,6443788.0,74000.0,C00157,,CCCCCCCCCCCCCCCC(=O)OC[C@]([H])(COP([O-])(=O)OCC[N+](C)(C)C)OC(=O)CCCCCCC\C=C/CCCCCC,1
468,HMDB0007972,PC(16:0/18:1(9Z)),HMDB0007972,5497103.0,73001.0,C00157,,[H][C@@](COC(=O)CCCCCCCCCCCCCCC)(COP([O-])(=O)OCC[N+](C)(C)C)OC(=O)CCCCCCC\C=C/CCCCCCCC,1
469,HMDB0007973,"PC(16:0/18:2(9Z,12Z))",HMDB0007973,5287971.0,73002.0,C00157,,[H][C@@](COC(=O)CCCCCCCCCCCCCCC)(COP([O-])(=O)OCC[N+](C)(C)C)OC(=O)CCCCCCC\C=C/C\C=C/CCCCC,1
470,HMDB0007974,"PC(16:0/18:3(6Z,9Z,12Z))",HMDB0007974,24778699.0,84786.0,C00157,,CCCCCCCCCCCCCCCC(=O)OC[C@]([H])(COP([O-])(=O)OCC[N+](C)(C)C)OC(=O)CCCC\C=C/C\C=C/C\C=C/CCCCC,1
471,HMDB0007975,"PC(16:0/18:3(9Z,12Z,15Z))",HMDB0007975,24778702.0,84789.0,C00157,,CCCCCCCCCCCCCCCC(=O)OC[C@]([H])(COP([O-])(=O)OCC[N+](C)(C)C)OC(=O)CCCCCCC\C=C/C\C=C/C\C=C/CC,1
472,HMDB0007977,PC(16:0/20:0),HMDB0007977,24778711.0,82943.0,C00157,,[H][C@@](COC(=O)CCCCCCCCCCCCCCC)(COP([O-])(=O)OCC[N+](C)(C)C)OC(=O)CCCCCCCCCCCCCCCCCCC,1
473,HMDB0007980,"PC(16:0/20:3(5Z,8Z,11Z))",HMDB0007980,24778715.0,86119.0,C00157,,CCCCCCCCCCCCCCCC(=O)OC[C@]([H])(COP([O-])(=O)OCC[N+](C)(C)C)OC(=O)CCC\C=C/C\C=C/C\C=C/CCCCCCCC,1
474,HMDB0007981,"PC(16:0/20:3(8Z,11Z,14Z))",HMDB0007981,24778719.0,86121.0,C00157,,CCCCCCCCCCCCCCCC(=O)OC[C@]([H])(COP([O-])(=O)OCC[N+](C)(C)C)OC(=O)CCCCCC\C=C/C\C=C/C\C=C/CCCCC,1
475,HMDB0007982,"PC(16:0/20:4(5Z,8Z,11Z,14Z))",HMDB0007982,10747814.0,73003.0,C00157,,CCCCCCCCCCCCCCCC(=O)OC[C@]([H])(COP([O-])(=O)OCC[N+](C)(C)C)OC(=O)CCC\C=C/C\C=C/C\C=C/C\C=C/CCCCC,1
476,HMDB0007984,"PC(16:0/20:5(5Z,8Z,11Z,14Z,17Z))",HMDB0007984,24778723.0,86137.0,C00157,,CCCCCCCCCCCCCCCC(=O)OC[C@]([H])(COP([O-])(=O)OCC[N+](C)(C)C)OC(=O)CCC\C=C/C\C=C/C\C=C/C\C=C/C\C=C/CC,1
477,HMDB0007991,PC(38:6),HMDB0007991,6441886.0,74963.0,C00157,,CCCCCCCCCCCCCCCC(=O)OC[C@]([H])(COP([O-])(=O)OCC[N+](C)(C)C)OC(=O)CC\C=C/C\C=C/C\C=C/C\C=C/C\C=C/C\C=C/CC,1
478,HMDB0008002,PC(16:1(9Z)/16:1(9Z)),HMDB0008002,24778764.0,83717.0,C00157,,CCCCCC\C=C/CCCCCCCC(=O)OC[C@]([H])(COP([O-])(=O)OCC[N+](C)(C)C)OC(=O)CCCCCCC\C=C/CCCCCC,1
479,HMDB0008038,PC(18:0/18:1(9Z)),HMDB0008038,24778825.0,75034.0,C00157,,[H][C@@](COC(=O)CCCCCCCCCCCCCCCCC)(COP([O-])(=O)OCC[N+](C)(C)C)OC(=O)CCCCCCC\C=C/CCCCCCCC,1
480,HMDB0008039,"PC(18:0/18:2(9Z,12Z))",HMDB0008039,6441487.0,84822.0,C00157,,CCCCCCCCCCCCCCCCCC(=O)OC[C@]([H])(COP([O-])(=O)OCC[N+](C)(C)C)OC(=O)CCCCCCC\C=C/C\C=C/CCCCC,1
481,HMDB0008041,"PC(18:0/18:3(9Z,12Z,15Z))",HMDB0008041,52922657.0,78022.0,C00157,,CCCCCCCCCCCCCCCCCC(=O)OC[C@]([H])(COP([O-])(=O)OCC[N+](C)(C)C)OC(=O)CCCCCCC\C=C/C\C=C/C\C=C/CC,1
482,HMDB0008048,"PC(18:0/20:4(5Z,8Z,11Z,14Z))",HMDB0008048,16219824.0,74965.0,C00157,,CCCCCCCCCCCCCCCCCC(=O)OC[C@]([H])(COP([O-])(=O)OCC[N+](C)(C)C)OC(=O)CCC\C=C/C\C=C/C\C=C/C\C=C/CCCCC,1
483,HMDB0008057,PC(40:6),HMDB0008057,24778876.0,84829.0,C00157,,CCCCCCCCCCCCCCCCCC(=O)OC[C@]([H])(COP([O-])(=O)OCC[N+](C)(C)C)OC(=O)CC\C=C/C\C=C/C\C=C/C\C=C/C\C=C/C\C=C/CC,1
484,HMDB0008100,PC(18:1(9Z)/16:0),HMDB0008100,24778933.0,74667.0,C00157,,CCCCCCCCCCCCCCCC(=O)O[C@]([H])(COC(=O)CCCCCCC\C=C/CCCCCCCC)COP([O-])(=O)OCC[N+](C)(C)C,1
485,HMDB0008102,PC(18:1(9Z)/18:0),HMDB0008102,24778936.0,76073.0,C00157,,CCCCCCCCCCCCCCCCCC(=O)O[C@]([H])(COC(=O)CCCCCCC\C=C/CCCCCCCC)COP([O-])(=O)OCC[N+](C)(C)C,1
486,HMDB0008105,"PC(18:1(9Z)/18:2(9Z,12Z))",HMDB0008105,24778939.0,74670.0,C00157,,CCCCCCCC\C=C/CCCCCCCC(=O)OC[C@]([H])(COP([O-])(=O)OCC[N+](C)(C)C)OC(=O)CCCCCCC\C=C/C\C=C/CCCCC,1
487,HMDB0008114,"PC(18:1(9Z)/20:4(5Z,8Z,11Z,14Z))",HMDB0008114,24778948.0,74671.0,C00157,,CCCCCCCC\C=C/CCCCCCCC(=O)OC[C@]([H])(COP([O-])(=O)OCC[N+](C)(C)C)OC(=O)CCC\C=C/C\C=C/C\C=C/C\C=C/CCCCC,1
488,HMDB0008138,"PC(18:2(9Z,12Z)/18:2(9Z,12Z))",HMDB0008138,5288075.0,42027.0,C00157,,CCCCC\C=C/C\C=C/CCCCCCCC(=O)OC[C@]([H])(COP([O-])(=O)OCC[N+](C)(C)C)OC(=O)CCCCCCC\C=C/C\C=C/CCCCC,1
489,HMDB0008206,"PC(18:3(9Z,12Z,15Z)/18:3(9Z,12Z,15Z))",HMDB0008206,24778990.0,86161.0,C00157,,[H][C@@](COC(=O)CCCCCCC\C=C/C\C=C/C\C=C/CC)(COP([O-])(=O)OCC[N+](C)(C)C)OC(=O)CCCCCCC\C=C/C\C=C/C\C=C/CC,1
490,HMDB0008265,PC(20:0/16:0),HMDB0008265,24779030.0,75294.0,C00157,,[H][C@@](COC(=O)CCCCCCCCCCCCCCCCCCC)(COP([O-])(=O)OCC[N+](C)(C)C)OC(=O)CCCCCCCCCCCCCCC,1
491,HMDB0008279,"PC(20:0/20:4(5Z,8Z,11Z,14Z))",HMDB0008279,24779048.0,74970.0,C00157,,CCCCCCCCCCCCCCCCCCCC(=O)OC[C@]([H])(COP([O-])(=O)OCC[N+](C)(C)C)OC(=O)CCC\C=C/C\C=C/C\C=C/C\C=C/CCCCC,1
492,HMDB0008429,"PC(20:4(5Z,8Z,11Z,14Z)/16:0)",HMDB0008429,24779073.0,77694.0,C00157,,CCCCCCCCCCCCCCCC(=O)O[C@]([H])(COC(=O)CCC\C=C/C\C=C/C\C=C/C\C=C/CCCCC)COP([O-])(=O)OCC[N+](C)(C)C,1
493,HMDB0010168,SM(d18:0/16:0),HMDB0010168,9939965.0,78647.0,C00550,,[H][C@@](COP([O-])(=O)OCC[N+](C)(C)C)(NC(=O)CCCCCCCCCCCCCCC)[C@H](O)CCCCCCCCCCCCCCC,1
494,HMDB0010169,SM(d18:1/16:0),HMDB0010169,9939941.0,78646.0,C00550,,[H][C@@](COP([O-])(=O)OCC[N+](C)(C)C)(NC(=O)CCCCCCCCCCCCCCC)[C@H](O)\C=C\CCCCCCCCCCCCC,1
495,HMDB0010315,4-Hydroxyandrostenedione glucuronide,HMDB0010315,443212.0,17813.0,C11455,5952.0,C[C@]12CCC3C(CCC4=C(O[C@@H]5O[C@@H]([C@@H](O)[C@H](O)[C@H]5O)C(O)=O)C(=O)CC[C@]34C)C1CCC2=O,1
496,HMDB0010337,6-Dehydrotestosterone glucuronide,HMDB0010337,1135.0,17821.0,C00178,290.0,[H][C@@]12CC[C@H](O[C@@H]3O[C@@H]([C@@H](O)[C@H](O)[C@H]3O)C(O)=O)[C@@]1(C)CC[C@@]1([H])[C@@]2([H])C=CC2=CC(=O)CC[C@]12C,1
497,HMDB0010369,CE(18:3),HMDB0010369,53480458.0,88756.0,,,CCCCC\C=C/C\C=C/C\C=C/CCCCC(=O)O[C@H]1CC[C@]2(C)C3CC[C@]4(C)C(CCC4C3CC=C2C1)[C@H](C)CCCC(C)C,1
498,HMDB0010373,"CE(20:3(5Z,8Z,11Z))",HMDB0010373,53480461.0,88752.0,,,CCCCCCCC\C=C/C\C=C/C\C=C/CCCC(=O)O[C@H]1CC[C@@]2(C)C(=CCC3C4CCC([C@H](C)CCCC(C)C)[C@@]4(C)CCC23)C1,1
499,HMDB0010378,"5,8,11-Eicosatrienoic acid",HMDB0010378,5312531.0,72865.0,,,CCCCCCCC\C=C/C\C=C/C\C=C/CCCC(O)=O,1
500,HMDB0010379,LysoPC(14:0/0:0),HMDB0010379,460604.0,64489.0,C04230,,CCCCCCCCCCCCCC(=O)OC[C@@H](O)COP([O-])(=O)OCC[N+](C)(C)C,1
501,HMDB0010382,LysoPC(16:0/0:0),HMDB0010382,460602.0,72998.0,C04230,,CCCCCCCCCCCCCCCC(=O)OC[C@@H](O)COP([O-])(=O)OCC[N+](C)(C)C,1
502,HMDB0010384,LysoPC(18:0/0:0),HMDB0010384,497299.0,73858.0,C04230,,CCCCCCCCCCCCCCCCCC(=O)OC[C@@H](O)COP([O-])(=O)OCC[N+](C)(C)C,1
503,HMDB0010385,LysoPC(18:1(11Z)/0:0),HMDB0010385,53480465.0,86255.0,C04230,,CCCCCC\C=C/CCCCCCCCCC(=O)OC[C@@]([H])(O)COP([O-])(=O)OCC[N+](C)(C)C,1
504,HMDB0010386,LysoPC(18:2/0:0),HMDB0010386,11005824.0,28733.0,C04230,,CCCCC\C=C/C\C=C/CCCCCCCC(=O)OC[C@@H](O)COP([O-])(=O)OCC[N+](C)(C)C,1
505,HMDB0010390,LysoPC(20:0/0:0),HMDB0010390,24779473.0,74968.0,C04230,,CCCCCCCCCCCCCCCCCCCC(=O)OC[C@@H](O)COP([O-])(=O)OCC[N+](C)(C)C,1
506,HMDB0010395,LysoPC(20:4/0:0),HMDB0010395,24779476.0,74344.0,C04230,,CCCCC\C=C/C\C=C/C\C=C/C\C=C/CCCC(=O)OC[C@@H](O)COP([O-])(=O)OCC[N+](C)(C)C,1
507,HMDB0010396,"LysoPC(20:4(8Z,11Z,14Z,17Z)/0:0)",HMDB0010396,53480469.0,86259.0,C04230,,CC\C=C/C\C=C/C\C=C/C\C=C/CCCCCCC(=O)OC[C@](O)([H])COP([O-])(=O)OCC[N+](C)(C)C,1
508,HMDB0010404,"LysoPC(22:6(4Z,7Z,10Z,13Z,16Z,19Z)/0:0)",HMDB0010404,10415542.0,73873.0,C04230,,[H][C@@](O)(COC(=O)CC\C=C/C\C=C/C\C=C/C\C=C/C\C=C/C\C=C/CC)COP([O-])(=O)OCC[N+](C)(C)C,1
509,HMDB0010405,LysoPC(24:0/0:0),HMDB0010405,24779481.0,86260.0,C04230,,[H][C@@](O)(COC(=O)CCCCCCCCCCCCCCCCCCCCCCC)COP([O-])(=O)OCC[N+](C)(C)C,1
510,HMDB0010407,LysoPC(P-16:0/0:0),HMDB0010407,10917802.0,73850.0,C04230,,CCCCCCCCCCCCCC\C=C/OC[C@](O)([H])COP([O-])(=O)OCC[N+](C)(C)C,1
511,HMDB0011131,MG(18:0/0:0/0:0),HMDB0011131,15560610.0,75550.0,,,[H][C@](O)(CO)COC(=O)CCCCCCCCCCCCCCCCC,1
512,HMDB0011134,5-HETE,HMDB0011134,5280733.0,28209.0,C04805,6554.0,CCCCC\C=C/C\C=C/C\C=C/C=C/[C@@H](O)CCCC(O)=O,1
513,HMDB0011210,PC(P-16:0/18:1(9Z)),HMDB0011210,24779384.0,86232.0,,,CCCCCCCCCCCCCC\C=C/OC[C@]([H])(COP([O-])(=O)OCC[N+](C)(C)C)OC(=O)CCCCCCC\C=C/CCCCCCCC,1
514,HMDB0011394,"PE(P-18:0/22:6(4Z,7Z,10Z,13Z,16Z,19Z))",HMDB0011394,42607458.0,78263.0,,,[H][C@@](CO\C=C/CCCCCCCCCCCCCCCC)(COP(O)(=O)OCCN)OC(=O)CC\C=C/C\C=C/C\C=C/C\C=C/C\C=C/C\C=C/CC,1
515,HMDB0011533,MG(0:0/16:0/0:0),HMDB0011533,123409.0,75455.0,,,[H]C(CO)(CO)OC(=O)CCCCCCCCCCCCCCC,1
516,HMDB0011535,MG(0:0/18:0/0:0),HMDB0011535,79075.0,75456.0,,,[H]C(CO)(CO)OC(=O)CCCCCCCCCCCCCCCCC,1
517,HMDB0011537,MG(0:0/18:1(9Z)/0:0),HMDB0011537,5319879.0,73990.0,,,[H]C(CO)(CO)OC(=O)CCCCCCC\C=C/CCCCCCCC,1
518,HMDB0011538,"MG(0:0/18:2(9Z,12Z)/0:0)",HMDB0011538,5365676.0,75457.0,,,[H]C(CO)(CO)OC(=O)CCCCCCC\C=C/C\C=C/CCCCC,1
519,HMDB0011564,MG(16:0/0:0/0:0),HMDB0011564,3084463.0,75542.0,,,[H][C@](O)(CO)COC(=O)CCCCCCCCCCCCCCC,1
520,HMDB0011567,MG(18:1(9Z)/0:0/0:0),HMDB0011567,12178130.0,75757.0,,,[H][C@](O)(CO)COC(=O)CCCCCCC\C=C/CCCCCCCC,1
521,HMDB0011568,"MG(18:2(9Z,12Z)/0:0/0:0)",HMDB0011568,6436630.0,75561.0,,,[H][C@](O)(CO)COC(=O)CCCCCCC\C=C/C\C=C/CCCCC,1
522,HMDB0011578,"MG(20:4(5Z,8Z,11Z,14Z)/0:0/0:0)",HMDB0011578,16019980.0,34071.0,,,[H][C@](O)(CO)COC(=O)CCC\C=C/C\C=C/C\C=C/C\C=C/CCCCC,1
523,HMDB0011632,L-Iditol,HMDB0011632,5460044.0,18202.0,C01507,,OC[C@H](O)[C@@H](O)[C@H](O)[C@@H](O)CO,1
524,HMDB0011697,SM(d18:1/24:0),HMDB0011697,44260127.0,83360.0,,,[H][C@@](COP([O-])(=O)OCC[N+](C)(C)C)(NC(=O)CCCCCCCCCCCCCCCCCCCCCCC)[C@H](O)\C=C\CCCCCCCCCCCCC,1
525,HMDB0011759,Cer(d18:0/14:0),HMDB0011759,10255824.0,67045.0,,,CCCCCCCCCCCCCCC[C@@H](O)[C@H](CO)NC(=O)CCCCCCCCCCCCC,1
526,HMDB0011760,Cer(d18:0/16:0),HMDB0011760,5283572.0,67042.0,,,CCCCCCCCCCCCCCC[C@@H](O)[C@H](CO)NC(=O)CCCCCCCCCCCCCCC,1
527,HMDB0011761,Cer(d18:0/18:0),HMDB0011761,5283573.0,67033.0,,,[H][C@@](CO)(NC(=O)CCCCCCCCCCCCCCCCC)[C@H](O)CCCCCCCCCCCCCCC,1
528,HMDB0011763,Cer(d18:0/18:1(9Z)),HMDB0011763,6442676.0,74100.0,,,CCCCCCCCCCCCCCC[C@@H](O)[C@H](CO)NC(=O)CCCCCCC\C=C/CCCCCCCC,1
529,HMDB0011764,Cer(d18:0/20:0),HMDB0011764,5283574.0,67027.0,,,CCCCCCCCCCCCCCCCCCCC(=O)N[C@@H](CO)[C@H](O)CCCCCCCCCCCCCCC,1
530,HMDB0011765,Cer(d18:0/22:0),HMDB0011765,5283575.0,67021.0,,,CCCCCCCCCCCCCCCCCCCCCC(=O)N[C@@H](CO)[C@H](O)CCCCCCCCCCCCCCC,1
531,HMDB0011768,Cer(d18:0/24:0),HMDB0011768,5283577.0,52961.0,,,CCCCCCCCCCCCCCCCCCCCCCCC(=O)N[C@@H](CO)[C@H](O)CCCCCCCCCCCCCCC,1
532,HMDB0011769,Cer(d18:0/24:1),HMDB0011769,5283576.0,74130.0,,,CCCCCCCCCCCCCCC[C@@H](O)[C@H](CO)NC(=O)CCCCCCCCCCCCC\C=C/CCCCCCCC,1
533,HMDB0011771,Cer(d18:0/26:0),HMDB0011771,644245.0,52962.0,,,CCCCCCCCCCCCCCCCCCCCCCCCCC(=O)N[C@@H](CO)[C@H](O)CCCCCCCCCCCCCCC,1
534,HMDB0011773,Cer(d18:1/14:0),HMDB0011773,5282310.0,72957.0,C13916,,CCCCCCCCCCCCC\C=C\[C@@H](O)[C@H](CO)NC(=O)CCCCCCCCCCCCC,1
535,HMDB0012107,SM(d18:1/24:1),HMDB0012107,44260126.0,74535.0,C00550,,CCCCCCCCCCCCC\C=C\[C@@H](O)[C@H](COP([O-])(=O)OCC[N+](C)(C)C)NC(=O)CCCCCCCCCCCCC\C=C/CCCCCCCC,1
536,HMDB0012108,LysoPC(17:0/0:0),HMDB0012108,24779463.0,74340.0,C04230,,CCCCCCCCCCCCCCCCC(=O)OC[C@@H](O)COP([O-])(=O)OCC[N+](C)(C)C,1
537,HMDB0012454,"3beta,7alpha-Dihydroxy-5-cholestenoate",HMDB0012454,3081084.0,81015.0,C17335,,[H][C@@]1(CC[C@@]2([H])[C@]3([H])[C@H](O)C=C4C[C@@H](O)CC[C@]4(C)[C@@]3([H])CC[C@]12C)[C@H](C)CCCC(C)C(O)=O,1
538,HMDB0012535,12S-HHT,HMDB0012535,5283141.0,63977.0,C20388,,CCCCC[C@H](O)\C=C\C=C\C\C=C/CCCC(O)=O,1
539,HMDB0013078,Stearoylethanolamide,HMDB0013078,27902.0,85299.0,,,CCCCCCCCCCCCCCCCCC(=O)NCCO,1
540,HMDB0013205,9-Decenoylcarnitine,HMDB0013205,53481651.0,,,,C[N+](C)(C)CC(CC([O-])=O)OC(=O)CCCCCCCC=C,1
541,HMDB0013420,PC(O-38:4),HMDB0013420,6443065.0,75245.0,,,[H][C@@](COCCCCCCCCCCCCCCCCCC)(COP([O-])(=O)OCC[N+](C)(C)C)OC(=O)CCC\C=C/C\C=C/C\C=C/C\C=C/CCCCC,1
542,HMDB0013629,PGD2 ethanolamide,HMDB0013629,5283120.0,85174.0,C13828,,CCCCC[C@H](O)\C=C\[C@@H]1[C@@H](C\C=C/CCCC(=O)NCCO)[C@@H](O)CC1=O,1
543,HMDB0013630,20-HETE ethanolamide,HMDB0013630,35027640.0,136992.0,,,OCCCCC\C=C/C\C=C/C\C=C/C\C=C/CCCC(=O)NCCO,1
544,HMDB0013643,4b-Hydroxycholesterol,HMDB0013643,3247060.0,85778.0,,,[H][C@@]1(CC[C@@]2([H])[C@]3([H])CC=C4[C@@H](O)[C@@H](O)CC[C@]4(C)[C@@]3([H])CC[C@]12C)[C@H](C)CCCC(C)C,1
545,HMDB0013648,Palmitoleoylethanolamde,HMDB0013648,9835868.0,71465.0,,,CCCCCC\C=C/CCCCCCCC(=O)NCCO,1
546,HMDB0014291,Phosphatidylserine,HMDB0014291,6323481.0,18303.0,C02737,,[H][C@](N)(COP(O)(=O)OC[C@@]([H])(COC(=O)CC)OC(=O)CCC)C(O)=O,1
547,HMDB0014586,Betamethasone,HMDB0014586,9782.0,3077.0,C06848,,[H][C@@]12C[C@H](C)[C@](O)(C(=O)CO)[C@@]1(C)C[C@H](O)[C@@]1(F)[C@@]2([H])CCC2=CC(=O)C=C[C@]12C,1
548,HMDB0014659,Albendazole,HMDB0014659,2082.0,16664.0,C01779,,CCCSC1=CC2=C(C=C1)N=C(NC(=O)OC)N2,1
549,HMDB0014687,Desoximetasone,HMDB0014687,5311067.0,691037.0,,,[H][C@@]12C[C@@H](C)[C@H](C(=O)CO)[C@@]1(C)C[C@H](O)[C@@]1(F)[C@@]2([H])CCC2=CC(=O)C=C[C@]12C,1
550,HMDB0014773,Prednisone,HMDB0014773,5865.0,8382.0,C07370,,[H][C@@]12CC[C@](O)(C(=O)CO)[C@@]1(C)CC(=O)[C@@]1([H])[C@@]2([H])CCC2=CC(=O)C=C[C@]12C,1
551,HMDB0014891,Isoflurane,HMDB0014891,3763.0,6015.0,C07518,,FC(F)OC(Cl)C(F)(F)F,1
552,HMDB0014967,Diazepam,HMDB0014967,3016.0,49575.0,C06948,,CN1C2=C(C=C(Cl)C=C2)C(=NCC1=O)C1=CC=CC=C1,1
553,HMDB0015043,Cocaine,HMDB0015043,446220.0,27958.0,C01416,,[H][C@]12CC[C@]([H])([C@H]([C@H](C1)OC(=O)C1=CC=CC=C1)C(=O)OC)N2C,1
554,HMDB0015044,Quinidine,HMDB0015044,441074.0,28593.0,C06527,,[H][C@@]12CCN(C[C@@H]1C=C)[C@]([H])(C2)[C@@H](O)C1=C2C=C(OC)C=CC2=NC=C1,1
555,HMDB0015046,Paricalcitol,HMDB0015046,5281104.0,7931.0,C08127,,[H]C1CC[C@]2(C)[C@]([H])(CC[C@@]2([H])\C1=C\C=C1C[C@@H](O)C[C@H](O)C1)[C@H](C)\C=C\[C@H](C)C(O)(C)C,1
556,HMDB0015092,Norgestimate,HMDB0015092,6540478.0,50815.0,,,[H][C@@]12CC[C@@](OC(C)=O)(C#C)[C@@]1(CC)CC[C@]1([H])[C@@]3([H])CC\C(C=C3CC[C@@]21[H])=N/O,1
557,HMDB0015094,Methylprednisolone,HMDB0015094,6741.0,6888.0,,,[H][C@@]12CC[C@](O)(C(=O)CO)[C@@]1(C)C[C@H](O)[C@@]1([H])[C@@]2([H])C[C@H](C)C2=CC(=O)C=C[C@]12C,1
558,HMDB0015360,Paclitaxel,HMDB0015360,36314.0,45863.0,C07394,,[H][C@]12[C@H](OC(=O)C3=CC=CC=C3)[C@]3(O)C[C@H](OC(=O)[C@H](O)[C@@H](NC(=O)C4=CC=CC=C4)C4=CC=CC=C4)C(C)=C([C@@H](OC(C)=O)C(=O)[C@]1(C)[C@@H](O)C[C@H]1OC[C@@]21OC(C)=O)C3(C)C,1
559,HMDB0015489,Testosterone Propionate,HMDB0015489,5995.0,290629.0,C08158,,[H][C@@]12CC[C@H](OC(=O)CC)[C@@]1(C)CC[C@@]1([H])[C@@]2([H])CCC2=CC(=O)CC[C@]12C,1
560,HMDB0015504,Alfacalcidol,HMDB0015504,5282181.0,31186.0,,,CC(C)CCC[C@@H](C)[C@@]1([H])CC[C@@]2([H])\C(CCC[C@]12C)=C\C=C1\C[C@@H](O)C[C@H](O)C1=C,1
561,HMDB0029739,Indole-3-acetamide,HMDB0029739,397.0,16031.0,C02693,,NC(=O)CC1=CNC2=C1C=CC=C2,1
562,HMDB0029865,Umbelliferone,HMDB0029865,5281426.0,27510.0,C09315,,OC1=CC2=C(C=C1)C=CC(=O)O2,1
563,HMDB0031496,2-Hexenal,HMDB0031496,5281168.0,28913.0,C08497,,CCC\C=C\C=O,1
564,HMDB0031645,Acetamide,HMDB0031645,178.0,27856.0,C06244,,CC(N)=O,1
565,HMDB0033844,beta-Cryptoxanthin,HMDB0033844,5281235.0,10362.0,C08591,,C\C(\C=C\C=C(/C)\C=C\C1=C(C)CCCC1(C)C)=C/C=C/C=C(\C)/C=C/C=C(\C)/C=C/C1=C(C)C[C@@H](O)CC1(C)C,1
