ligand	receptor
Lgals9	Ptprc
Lgals9	Met
Lgals9	Cd44
Lgals9	Lrp1
Lgals9	Cd47
Lgals9	Ptprk
Lgals9	Colec12
Lgals9	Havcr2
Lgals9	Mrc2
Dll1	Notch1
Dll1	Notch2
Dll1	Notch4
Dll1	Notch3
Podxl	Sell
Nrg2	Erbb2_Erbb3
Nrg2	Erbb2_Erbb4
Adgrb1	Rtn4r
Adam10	Tspan15
Adam10	Tspan12
Adam10	Met
Adam10	Il6ra
Adam10	Cd44
Adam10	Epha3
Adam10	Axl
Adam10	Notch1
Adam10	Notch2
Adam10	Nrcam
Adam10	Tspan17
Adam10	Tspan10
Adam10	Trem2
Tnfsf11	Tnfrsf11b
Tnfsf11	Lgr4
Tnfsf11	Tnfrsf11a
Ereg	Egfr_Erbb2
Ereg	Erbb2_Erbb4
Ereg	Erbb3
Adam12	Itgb1
Adam12	Itga9
Tnfsf12	Tnfrsf8
Tnfsf12	Cd163
Tnfsf12	Tnfrsf25
Tnfsf12	Tnfrsf12a
Tnfsf14	Ltbr
Tnfsf14	Tnfrsf14
Adam23	Itgb3
Adam23	Itga5
Adam23	Itga4
Adam11	Itga4
Icosl	Cd28
Icosl	Ctla4
Icosl	Icos
Sema7a	Itga1_Itgb1
Sema7a	Plxnc1
Tnfsf13	Tnfrsf11b
Tnfsf13	Tnfrsf13b
Tnfsf13	Tnfrsf1a
Tnfsf13	Fas
Tnfsf13	Sdc2
Tnfsf13	Tnfrsf17
Tnfsf13	Tnfrsf14
Nfasc	Cntn1_Cntnap1
Slitrk3	Ptprd
Slitrk3	Ptprs
Slitrk5	Ptprd
Tnfsf15	Tnfrsf25
Tgfa	Egfr_Erbb2
Tgfa	Erbb3
Tgfa	Erbb4
Tnf	Ffar2
Tnf	Tnfrsf21
Tnf	Tnfrsf1a
Tnf	Tnfrsf1b
Tnf	Fas
Tnf	Flt4
Tnf	Notch1
Tnf	Ptprs
Tnf	Sema4c
Tnf	Vsir
Tnf	Celsr2
Tnf	Icos
H2-Ea	Cd4
H2-Ea	Lag3
H2-Aa	Cd4
H2-Aa	Lag3
H2-Aa	Cd4
H2-Aa	Lag3
H2-Ab1	Cd4
H2-Ab1	Lag3
Anxa1	Egfr
Anxa1	Adra2a
Anxa1	Fpr1
Anxa1	Mtnr1a
Anxa1	Grm7
Thy1	Itgav_Itgb3
App	Tnfrsf21
App	Lrp6
App	Tspan15
App	Tspan12
App	Cd74
App	Ngfr
App	Adra2a
App	Gpc1
App	Ptger2
App	Dcc
App	Mtnr1a
App	Notch2
App	Lrp1
App	Ager
App	Lrp10
App	Ncstn
Icam1	Egfr
Icam1	Il2ra
Icam1	Muc1
Icam1	Spn
Icam1	Il2rg
Lck	Cd8a_Cd8b1
Fcer2a	Itgav_Itgb3
Fcer2a	Cr2
Itgav	Thy1
Anxa2	Tlr2
Anxa2	Robo4
Thbs1	Itgav_Itgb3
Thbs1	Itga2b_Itgb3
Thbs1	Itga3_Itgb1
Thbs1	Tnfrsf11b
Thbs1	Lrp5
Thbs1	Itga4
Thbs1	Cd36
Thbs1	Sdc1
Thbs1	Itga6
Thbs1	Lrp1
Thbs1	Cd47
Thbs1	Ptprj
Thbs1	Scarb1
Cd14	Tlr4
Cd14	Itgb1
Cd14	Itga4
Cd14	Tlr1
Cd14	Tlr9
Cd14	Tlr6
Meltf	Tfrc
Cd48	Cd2
Cd48	Cd244a
Csf1	Celsr3
Tgfb3	Acvr1b_Tgfbr2
Tgfb3	Tgfbr1_Tgfbr2
Tgfb3	Acvr1_Tgfbr1_Tgfbr2
Tgfb3	Acvr1_Tgfbr2
Tgfb3	Acvr1c_Tgfbr2
Tgfb3	Itgb3
Tgfb3	Itgb1
Tgfb3	Itgb5
Tgfb3	Itgb6
Tgfb3	Acvrl1
Tgfb3	Tgfbr3
Cd28	Cd80
Cd28	Cd86
Ace	Bdkrb2
Ace	Agtr2
Cdh1	Itga2_Itgb1
Cdh1	Itgae_Itgb7
Cdh1	Lrp5
Cdh1	Egfr
Cdh1	Igf1r
Cdh1	Ptprf
Cdh1	Cdh2
Cdh1	Ptprm
Cdh1	Klrg1
Ncam1	Ncam2
Ncam1	Fgfr1
Ncam1	Fgfr2
Ncam1	Ptprz1
Ncam1	Gfra1
Ncam1	Robo3
Ncam1	Robo1
H2-T23	Cd8b1
H2-T23	Cd8a
H2-T23	Cd8b1
H2-T23	Klrk1
H2-Ob	Cd4
Sell	Podxl
Sell	Madcam1
Pla2g2a	Itgb3
Pla2g2a	Itgb1
Pla2g2a	Itgav
Pla2g2a	Itga5
Pla2g2a	Itga4
St6gal1	Egfr
St6gal1	Cd22
Spn	Siglec1
Sele	Cd44
Sele	Glg1
Vcam1	Itga4_Itgb1
Vcam1	Itga9_Itgb1
Vcam1	Itga4_Itgb7
Cd22	Ptprc
Efna1	Ephb6
Efna1	Epha1
Efna1	Epha2
Efna1	Epha3
Efna1	Epha8
Efna1	Epha5
Efna1	Ephb1
Efna1	Epha4
Efna1	Epha7
Efna1	Epha10
Efna1	Epha6
Kitl	Kit
Kitl	Epor
Mrc1	Ptprc
Mpz	Mpzl1
H2-DMa	Cd4
Cd34	Sell
Cd34	Selp
Cd40lg	Itga2b_Itgb3
Cd40lg	Itga5_Itgb1
Cd40lg	Cd40
L1cam	Itgav_Itgb3
L1cam	Itga5_Itgb1
L1cam	Itga4_Itgb7
L1cam	Egfr
L1cam	Erbb2
L1cam	Fgfr2
L1cam	Erbb3
L1cam	Ptprz1
L1cam	Ephb2
L1cam	Cntn1
Cd80	Cd28
Cd80	Ctla4
Sdc2	Ptprj
Btc	Egfr_Erbb2
Btc	Erbb2_Erbb4
Btc	Erbb3
Cd96	Pvr
Cd96	Nectin1
Tnfsf9	Pvr
Tnfsf9	Tnfrsf9
Tnfsf9	Il13ra2
Tnfsf9	Adgrg5
Cd86	Cd28
Cd86	Ctla4
Gdf5	Acvr2a_Bmpr1b
Gdf5	Acvr2b_Bmpr1b
Gdf5	Bmpr1b_Bmpr2
Gdf5	Acvr2a_Bmpr1a
Gdf5	Acvr2b_Bmpr1a
Gdf5	Bmpr1a_Bmpr2
Gdf5	Ror2
Gdf5	Acvr1
Fasl	Tnfrsf10b
Fasl	Tnfrsf1a
Fasl	Fas
Flt3l	Flt3
Tnfsf10	Tnfrsf10b
Tnfsf10	Tnfrsf11b
Tnfsf10	Tnfrsf10b
Tnfsf10	Tnfrsf10b
Efna4	Epha1
Efna4	Epha2
Efna4	Epha3
Efna4	Epha8
Efna4	Epha5
Efna4	Epha4
Efna4	Epha7
Efna4	Epha10
Efna4	Epha6
Efnb2	Ephb6
Efnb2	Pecam1
Efnb2	Epha3
Efnb2	Ephb2
Efnb2	Grm5
Efnb2	Ephb3
Efnb2	Ephb4
Efnb2	Ephb1
Efnb2	Epha4
Efnb2	Grm1
Efnb2	Epha6
Efna5	Ephb6
Efna5	Epha1
Efna5	Epha2
Efna5	Epha3
Efna5	Epha8
Efna5	Ephb2
Efna5	Epha5
Efna5	Ephb1
Efna5	Epha4
Efna5	Epha7
Efna5	Epha10
Efna5	Epha6
Nrg3	Erbb2_Erbb4
Nrg3	Erbb3
Jam2	Itgav_Itgb1
Jam2	Itga4_Itgb1
Jam2	Itga3_Itgb1
Nrxn1	Nlgn1
Nrxn1	Nlgn2
Nrxn1	Nlgn3
Nrxn2	Nlgn1
Nrxn2	Nlgn2
Nrxn2	Nlgn3
B2m	Hfe_Tfrc
B2m	Klrd1
Jag1	Cd46
Jag1	Notch1
Jag1	Notch2
Jag1	Notch4
Jag1	Notch3
Adam17	Itgb1
Adam17	Met
Adam17	Itga5
Adam17	Il6ra
Adam17	Muc1
Adam17	Notch1
Adam17	Erbb4
Adam17	Rhbdf2
Dlk1	Notch1
Dlk1	Notch2
Dlk1	Notch4
Dlk1	Notch3
Efnb1	Ephb6
Efnb1	Erbb2
Efnb1	Ephb2
Efnb1	Ephb3
Efnb1	Ephb4
Efnb1	Ephb1
Efnb1	Epha4
Efnb1	Epha6
Cntn2	Nrp1
Cntn2	Cntn1
Cntn2	Nrcam
Nrg1	Erbb2_Erbb3
Nrg1	Erbb2_Erbb4
Nrg1	Itgav_Itgb3
Nrg1	Adgrl1
Nrg1	Egfr
Nrg1	Gpc1
Nrg1	Lsr
Nrg1	Neto2
Nrg1	Lgr4
Dsc2	Dsg3
Dsc2	Dsg4
Dsc1	Dsg3
Dsc1	Dsg4
Cntn1	Ptprz1
Cntn1	Notch1
Cntn1	Notch2
Cntn1	Nrcam
Adam9	Itgb1
Adam9	Itgav
Adam9	Itgb5
Adam9	Itga6
Adam9	Itga3
Adam15	Itgb3
Adam15	Itgb1
Adam15	Itgav
Adam15	Itga5
Adam15	Itga9
Madcam1	Itga4_Itgb7
Madcam1	Cd44
Sema5a	Met
Sema5a	Plxna3
Sema5a	Plxna1
Sema5a	Plxnb3
Alcam	Chl1
Alcam	Nrp1
Alcam	Cd6
Dsg2	Dsc1
Dsg2	Dsc3
Selplg	Siglecf
Selplg	Itgam
Selplg	Sell
Selplg	Selp
Dsc3	Dsg3
Dsc3	Dsg4
Icam4	Itgb3
Icam4	Itgb1
Icam4	Itgav
Icam4	Itga2b
Icam4	Itgam
Icam4	Itga4
Icam4	Itgal
Nectin1	Cd96
Nectin1	Nectin4
Efnb3	Ephb6
Efnb3	Ephb2
Efnb3	Ephb3
Efnb3	Ephb4
Efnb3	Ephb1
Efnb3	Epha4
Ntrk3	Ptprf
Ntrk3	Ptprd
Ntrk3	Ptprs
Mill2	Hcst_Klrk1
Mill2	Hcst_Klrk1
Tigit	Pvr
Tigit	Nectin2
Igsf11	Vsir
Col13a1	Itga10_Itgb1
Col13a1	Itga2_Itgb1
Col13a1	Itga1_Itgb1
Col13a1	Itga11_Itgb1
Cspg4	Itga3_Itgb1
Epgn	Egfr
Dlk2	Notch1
Btla	Cd79a
Btla	Cd247
Btla	Tnfrsf14
Pdpn	Clec1b
Cntn4	Ptprg
Cadm3	Nectin1
Nlgn1	Nrxn1
Nlgn1	Nrxn3
Nlgn1	Nrxn2
Sema6d	Plxna1_Trem2_Tyrobp
Sema6d	Kdr_Plxna1
Nlgn2	Nrxn1
Nlgn2	Nrxn3
Nlgn2	Nrxn2
Nrg4	Erbb2_Erbb4
Nrg4	Egfr
Nectin2	Cd96
Nectin2	Cd226
Nectin2	Tigit
Eda	Eda2r
Eda	Edar
Sema4d	Plxnb2
Sema4d	Plxnb1
Sema4d	Erbb2
Sema4d	Met
Sema4d	Plxnb3
Nectin4	Tigit
Slitrk1	Ptprd
Slitrk1	Ptprs
Adam2	Itgb1
Adam2	Itga6
Adam2	Itgb7
Adam2	Itga9
Pdcd1lg2	Pdcd1
Jam3	Itgb1
Ulbp1	Hcst_Klrk1
Ulbp1	Hcst_Klrk1
Sema4c	Plxnb2
Slitrk2	Ptprd
Slitrk2	Ptprs
Sema6a	Plxna2
Sema6a	Plxna4
Adam7	Itga4
Adam7	Itgb7
Sema4a	Nrp1_Plxna2
Sema4a	Nrp1_Plxna3
Sema4a	Nrp1_Plxna4
Sema4a	Nrp1_Plxna1
Sema4a	Plxnb2
Sema4a	Plxnb1
Sema4a	Plxnb3
Sema4a	Plxnd1
Sema6b	Plxna2
Sema6b	Plxna4
Slitrk6	Ptprs
Nrxn3	Nlgn1
Nrxn3	Nlgn2
Nrxn3	Nlgn3
Sema4b	Dcbld2
Nectin3	Pvr
Nectin3	Nectin1
Nectin3	Tigit
Nectin3	Nectin2
Dll4	Notch1
Dll4	Notch2
Dll4	Notch4
Dll4	Notch3
Pdgfc	Pdgfrb
Pdgfc	Pdgfra
Pdgfc	Flt1
Pdgfc	Flt4
Pdgfc	Kdr
Lrrc4b	Ptprf
Lrrc4b	Ptprd
Lrrc4b	Ptprs
Sema4g	Plxnb2
Dll3	Notch1
Dll3	Notch2
Dll3	Notch4
Dll3	Notch3
Podxl2	Sell
Nlgn3	Nrxn1
Nlgn3	Nrxn3
Nlgn3	Nrxn2
Il1rapl1	Ptprf
Il1rapl1	Ptprd
Il1rapl1	Ptprs
Cd274	Cd80
Cd274	Pdcd1
Clec1b	Pdpn
Sema5b	Plxna3
Sema5b	Plxna1
Cklf	Lrp6
Cklf	Ccr4
Kl	Fgfr1
Adam29	Itga4
Adam28	Itga4
Icam5	Itgal
Tnfsf18	Tnfrsf18
Jag2	Notch1
Jag2	Notch2
Jag2	Notch4
Jag2	Notch3
Tnfsf13b	Tnfrsf13b
Tnfsf13b	Tfrc
Tnfsf13b	Cd40
Tnfsf13b	Tnfrsf17
Tnfsf13b	Tnfrsf13c
Col6a6	Itga10_Itgb1
Col6a6	Itga2_Itgb1
Col6a6	Itga3_Itgb1
Col6a6	Itga1_Itgb1
Col6a6	Itga9_Itgb1
Col6a6	Itga11_Itgb1
Col6a6	Itgav_Itgb8
Col6a6	Cd44
Col6a6	Sdc1
Col6a6	Gp6
Col6a5	Itga10_Itgb1
Col6a5	Itga2_Itgb1
Col6a5	Itga3_Itgb1
Col6a5	Itga1_Itgb1
Col6a5	Itga9_Itgb1
Col6a5	Itga11_Itgb1
Col6a5	Itgav_Itgb8
Col6a5	Cd44
Col6a5	Sdc1
Col6a5	Gp6
Fras1_Frem1_Npnt	Itga8_Itgb1
Fras1_Frem2_Npnt	Itga8_Itgb1
Agrn	Musk
Agrn	Lrp4
Agrn	Itgb1
Agrn	Lrp2
Agrn	Lrp1
Agrn	Dag1
Lama5	Itga2_Itgb1
Lama5	Itga6_Itgb1
Lama5	Itga3_Itgb1
Lama5	Itga7_Itgb1
Lama5	Itga9_Itgb1
Lama5	Itgav_Itgb8
Lama5	Itga6_Itgb4
Lama5	Cd44
Lama5	Sdc1
Lama5	Bcam
Lama5	Dag1
Chad	Itga2_Itgb1
Col1a1	Itga10_Itgb1
Col1a1	Itga2_Itgb1
Col1a1	Itga3_Itgb1
Col1a1	Itga1_Itgb1
Col1a1	Itga9_Itgb1
Col1a1	Itga11_Itgb1
Col1a1	Itgav_Itgb8
Col1a1	Itga5
Col1a1	Cd44
Col1a1	Cd36
Col1a1	Sdc1
Col1a1	Flt4
Col1a1	Ddr1
Col1a1	Ddr2
Col1a1	Gp6
Col1a1	Cd93
Col2a1	Itga10_Itgb1
Col2a1	Itga2_Itgb1
Col2a1	Itga3_Itgb1
Col2a1	Itga1_Itgb1
Col2a1	Itga9_Itgb1
Col2a1	Itga11_Itgb1
Col2a1	Itgav_Itgb8
Col2a1	Tnfrsf10b
Col2a1	Itga2b
Col2a1	Cd44
Col2a1	Sdc1
Col2a1	Ddr1
Col2a1	Gp6
Col4a1	Itga10_Itgb1
Col4a1	Itga2_Itgb1
Col4a1	Itga3_Itgb1
Col4a1	Itga1_Itgb1
Col4a1	Itga9_Itgb1
Col4a1	Itga11_Itgb1
Col4a1	Itgav_Itgb8
Col4a1	Cd44
Col4a1	Sdc1
Col4a1	Cd47
Col4a1	Gp6
Col4a1	Cd93
Fn1	Itgav_Itgb3
Fn1	Itga2b_Itgb3
Fn1	Itgav_Itgb1
Fn1	Itga5_Itgb1
Fn1	Itga4_Itgb1
Fn1	Itga3_Itgb1
Fn1	Itga8_Itgb1
Fn1	Itgav_Itgb6
Fn1	Itgav_Itgb8
Fn1	Itga4_Itgb7
Fn1	Tnfrsf11b
Fn1	Cd79a
Fn1	Cd44
Fn1	Tshr
Fn1	Itga2
Fn1	Sdc1
Fn1	C5ar1
Fn1	Itga6
Fn1	Sdc2
Fn1	Flt4
Fn1	Plaur
Fn1	Itga9
Fn1	Il17rc
Fn1	Robo4
Vtn	Itgav_Itgb3
Vtn	Itga2b_Itgb3
Vtn	Itgav_Itgb1
Vtn	Itga8_Itgb1
Vtn	Itgav_Itgb5
Vtn	Itgav_Itgb8
Vtn	Tnfrsf11b
Vtn	Itga5
Vtn	Pvr
Vtn	Itgb6
Vtn	Itga3
Vtn	Kdr
Vtn	Plaur
Vtn	Cd47
Vwf	Itgav_Itgb3
Vwf	Itga2b_Itgb3
Vwf	Gp1ba_Gp1bb
Vwf	Tnfrsf11b
Vwf	Selp
Vwf	Lrp1
Vwf	Scara5
Vwf	Stab2
Lamb1	Itga2_Itgb1
Lamb1	Itga6_Itgb1
Lamb1	Itga3_Itgb1
Lamb1	Itga7_Itgb1
Lamb1	Itga9_Itgb1
Lamb1	Itgav_Itgb8
Lamb1	Itga6_Itgb4
Lamb1	Cd44
Lamb1	Itga1
Lamb1	Dag1
Col1a2	Itga10_Itgb1
Col1a2	Itga2_Itgb1
Col1a2	Itga3_Itgb1
Col1a2	Itga1_Itgb1
Col1a2	Itga9_Itgb1
Col1a2	Itga11_Itgb1
Col1a2	Itgav_Itgb8
Col1a2	Itgb3
Col1a2	Itga2b
Col1a2	Cd44
Col1a2	Cd36
Col1a2	Sdc1
Col1a2	Flt4
Col1a2	Gp6
Col1a2	Cd93
Col4a2	Itga10_Itgb1
Col4a2	Itga2_Itgb1
Col4a2	Itga3_Itgb1
Col4a2	Itga1_Itgb1
Col4a2	Itga9_Itgb1
Col4a2	Itga11_Itgb1
Col4a2	Itgav_Itgb8
Col4a2	Itgb3
Col4a2	Cd44
Col4a2	Itgb5
Col4a2	Sdc1
Col4a2	Gp6
Col4a2	Cd93
Lamc1	Itga2_Itgb1
Lamc1	Itga6_Itgb1
Lamc1	Itga3_Itgb1
Lamc1	Itga7_Itgb1
Lamc1	Itga9_Itgb1
Lamc1	Itgav_Itgb8
Lamc1	Itga6_Itgb4
Lamc1	Cd44
Lamc1	Itga1
Lamc1	Dag1
Col6a1	Itga10_Itgb1
Col6a1	Itga2_Itgb1
Col6a1	Itga3_Itgb1
Col6a1	Itga1_Itgb1
Col6a1	Itga9_Itgb1
Col6a1	Itga11_Itgb1
Col6a1	Itgav_Itgb8
Col6a1	Cd44
Col6a1	Sdc1
Col6a1	Itga6
Col6a1	Gp6
Col6a2	Itga10_Itgb1
Col6a2	Itga2_Itgb1
Col6a2	Itga3_Itgb1
Col6a2	Itga1_Itgb1
Col6a2	Itga9_Itgb1
Col6a2	Itga11_Itgb1
Col6a2	Itgav_Itgb8
Col6a2	Cd44
Col6a2	Sdc1
Col6a2	Gp6
Col6a3	Itga10_Itgb1
Col6a3	Itga2_Itgb1
Col6a3	Itga3_Itgb1
Col6a3	Itga1_Itgb1
Col6a3	Itga9_Itgb1
Col6a3	Itga11_Itgb1
Col6a3	Itgav_Itgb8
Col6a3	Cd44
Col6a3	Sdc1
Col6a3	Gp6
Col9a1	Itga10_Itgb1
Col9a1	Itga2_Itgb1
Col9a1	Itga3_Itgb1
Col9a1	Itga1_Itgb1
Col9a1	Itga9_Itgb1
Col9a1	Itga11_Itgb1
Col9a1	Itgav_Itgb8
Col9a1	Cd44
Col9a1	Sdc1
Col9a1	Gp6
Ibsp	Itgav_Itgb3
Ibsp	Itgav_Itgb5
Tnxb	Itgav_Itgb3
Tnxb	Itga2b_Itgb3
Tnxb	Itga8_Itgb1
Tnxb	Itga9_Itgb1
Tnxb	Itgav_Itgb6
Tnxb	Sdc1
Lama2	Itga2_Itgb1
Lama2	Itga6_Itgb1
Lama2	Itga3_Itgb1
Lama2	Itga7_Itgb1
Lama2	Itga9_Itgb1
Lama2	Itgav_Itgb8
Lama2	Itga6_Itgb4
Lama2	Rpsa
Lama2	Cd44
Lama2	Itga1
Lama2	Dag1
Tnc	Itgav_Itgb3
Tnc	Itga2b_Itgb3
Tnc	Itga8_Itgb1
Tnc	Itga9_Itgb1
Tnc	Itgav_Itgb6
Tnc	Egfr
Tnc	Itga5
Tnc	Itga2
Tnc	Sdc1
Tnc	Ptprb
Tnc	Ptprz1
Tnc	Cntn1
Tnc	Itga7
Lama1	Itga2_Itgb1
Lama1	Itga6_Itgb1
Lama1	Itga3_Itgb1
Lama1	Itga7_Itgb1
Lama1	Itga9_Itgb1
Lama1	Itgav_Itgb8
Lama1	Itga6_Itgb4
Lama1	Rpsa
Lama1	Cd44
Lama1	Sdc2
Lama1	Gpc1
Lama1	Itga1
Lama1	Dag1
Col4a5	Itga10_Itgb1
Col4a5	Itga2_Itgb1
Col4a5	Itga3_Itgb1
Col4a5	Itga1_Itgb1
Col4a5	Itga9_Itgb1
Col4a5	Itga11_Itgb1
Col4a5	Itgav_Itgb8
Col4a5	Cd44
Col4a5	Sdc1
Col4a5	Cd47
Col4a5	Gp6
Col4a5	Cd93
Thbs2	Itgav_Itgb3
Thbs2	Itga3_Itgb1
Thbs2	Itga4
Thbs2	Cd36
Thbs2	Sdc1
Thbs2	Itga6
Thbs2	Cd47
Thbs2	Notch4
Thbs2	Notch3
Thbs4	Itgav_Itgb3
Thbs4	Itga3_Itgb1
Thbs4	Cd36
Thbs4	Sdc1
Thbs4	Cd47
Comp	Itgav_Itgb3
Comp	Itga3_Itgb1
Comp	Itga5
Comp	Cd36
Comp	Sdc1
Comp	Cd47
Col4a4	Itga10_Itgb1
Col4a4	Itga2_Itgb1
Col4a4	Itga3_Itgb1
Col4a4	Itga1_Itgb1
Col4a4	Itga9_Itgb1
Col4a4	Itga11_Itgb1
Col4a4	Itgav_Itgb8
Col4a4	Itgb3
Col4a4	Cd44
Col4a4	Sdc1
Col4a4	Cd47
Col4a4	Gp6
Col4a4	Cd93
Lamb2	Itga2_Itgb1
Lamb2	Itga6_Itgb1
Lamb2	Itga3_Itgb1
Lamb2	Itga7_Itgb1
Lamb2	Itga9_Itgb1
Lamb2	Itgav_Itgb8
Lamb2	Itga6_Itgb4
Lamb2	Rpsa
Lamb2	Cd44
Lamb2	Dag1
Reln	Itga3_Itgb1
Reln	Vldlr
Reln	Lrp8
Hspg2	Itgb1
Hspg2	Fgfr1
Hspg2	Itga2
Hspg2	Sdc1
Hspg2	Lrp2
Hspg2	Lrp1
Hspg2	Ptprs
Hspg2	Dag1
Col4a3	Itga10_Itgb1
Col4a3	Itga2_Itgb1
Col4a3	Itga3_Itgb1
Col4a3	Itga1_Itgb1
Col4a3	Itga9_Itgb1
Col4a3	Itga11_Itgb1
Col4a3	Itgav_Itgb8
Col4a3	Itgb3
Col4a3	Cd44
Col4a3	Sdc1
Col4a3	Cd47
Col4a3	Gp6
Col4a3	Cd93
Dmp1	Itgav_Itgb3
Lamb3	Itga2_Itgb1
Lamb3	Itga6_Itgb1
Lamb3	Itga3_Itgb1
Lamb3	Itga7_Itgb1
Lamb3	Itga9_Itgb1
Lamb3	Itgav_Itgb8
Lamb3	Itga6_Itgb4
Lamb3	Cd44
Lamb3	Dag1
Lamc2	Itga2_Itgb1
Lamc2	Itga6_Itgb1
Lamc2	Itga3_Itgb1
Lamc2	Itga7_Itgb1
Lamc2	Itga9_Itgb1
Lamc2	Itgav_Itgb8
Lamc2	Itga6_Itgb4
Lamc2	Cd44
Lamc2	Dag1
Col4a6	Itga10_Itgb1
Col4a6	Itga2_Itgb1
Col4a6	Itga3_Itgb1
Col4a6	Itga1_Itgb1
Col4a6	Itga9_Itgb1
Col4a6	Itga11_Itgb1
Col4a6	Itgav_Itgb8
Col4a6	Cd44
Col4a6	Sdc1
Col4a6	Cd47
Col4a6	Gp6
Col4a6	Cd93
Col9a3	Itga10_Itgb1
Col9a3	Itga2_Itgb1
Col9a3	Itga3_Itgb1
Col9a3	Itga1_Itgb1
Col9a3	Itga9_Itgb1
Col9a3	Itga11_Itgb1
Col9a3	Itgav_Itgb8
Col9a3	Cd44
Col9a3	Sdc1
Col9a3	Gp6
Col9a2	Itga10_Itgb1
Col9a2	Itga2_Itgb1
Col9a2	Itga3_Itgb1
Col9a2	Itga1_Itgb1
Col9a2	Itga9_Itgb1
Col9a2	Itga11_Itgb1
Col9a2	Itgav_Itgb8
Col9a2	Cd44
Col9a2	Sdc1
Col9a2	Gp6
Lama4	Itga2_Itgb1
Lama4	Itga6_Itgb1
Lama4	Itga3_Itgb1
Lama4	Itga7_Itgb1
Lama4	Itga9_Itgb1
Lama4	Itgav_Itgb8
Lama4	Itga6_Itgb4
Lama4	Cd44
Lama4	Dag1
Lama3	Itga2_Itgb1
Lama3	Itga6_Itgb1
Lama3	Itga3_Itgb1
Lama3	Itga7_Itgb1
Lama3	Itga9_Itgb1
Lama3	Itgav_Itgb8
Lama3	Itga6_Itgb4
Lama3	Cd44
Lama3	Sdc2
Lama3	Dag1
Tnr	Itgav_Itgb3
Tnr	Itga2b_Itgb3
Tnr	Itga8_Itgb1
Tnr	Itga9_Itgb1
Tnr	Itgav_Itgb6
Tnr	Sdc1
Dspp	Itgav_Itgb1
Dspp	Itgav_Itgb6
Tnn	Itgav_Itgb3
Tnn	Itga2b_Itgb3
Tnn	Itga8_Itgb1
Tnn	Itga9_Itgb1
Tnn	Itgav_Itgb6
Tnn	Sdc1
Lamc3	Itga2_Itgb1
Lamc3	Itga6_Itgb1
Lamc3	Itga3_Itgb1
Lamc3	Itga7_Itgb1
Lamc3	Itga9_Itgb1
Lamc3	Itgav_Itgb8
Lamc3	Itga6_Itgb4
Lamc3	Cd44
Lamc3	Dag1
Clcf1_Crlf1	Cntfr_Il6st
Lta_Ltb	Ltbr
Inha_Inhba	Acvr2a
Inha_Inhbb	Acvr2b
Inhba_Inhbb	Acvr1b_Acvr2a
Inhba_Inhbb	Acvr1_Acvr2a
Inhba_Inhbb	Acvr1c_Acvr2a
Inhba_Inhbb	Acvr1b_Acvr2b
Inhba_Inhbb	Acvr1_Acvr2b
Inhba_Inhbb	Acvr1c_Acvr2b
Csf1_Il34	Csf1r
Il12a_Il12b	Il12rb1_Il12rb2
Ebi3_Il12a	Il12rb2_Il6st
Il12a_Il27	Il12rb2_Il27ra
Il12b_Il23a	Il12rb1_Il23r
Ebi3_Il27	Il27ra_Il6st
Il17a_Il17f	Il17ra_Il17rc
Ccl24	Ccr2
Ccl24	Ccr3
Cort	Adra2a
Cort	Sstr1
Cort	Sstr2
Cort	Sstr4
Cort	Sstr3
Cort	Sstr5
Cort	Mtnr1a
Cort	Grm7
Cort	Ghsr
Agrp	Sdc3
Agrp	Mc4r
Agrp	Mc5r
Agrp	Mc3r
Ccn1	Tlr4
Ccn1	Tlr2
Ccn1	Itgb3
Ccn1	Itgav
Ccn1	Itga5
Ccn1	Itgam
Ccn1	Itgb5
Ccl22	Ccr4
Ntn3	Cdon
Ntn3	Neo1
Wnt10b	Fzd9_Lrp5
Wnt10b	Fzd9_Lrp6
Wnt10b	Fzd6_Lrp5
Wnt10b	Fzd6_Lrp6
Wnt10b	Fzd7_Lrp5
Wnt10b	Fzd7_Lrp6
Wnt10b	Fzd5_Lrp5
Wnt10b	Fzd2_Lrp5
Wnt10b	Fzd8_Lrp5
Wnt10b	Fzd3_Lrp5
Wnt10b	Fzd4_Lrp5
Wnt10b	Fzd10_Lrp5
Wnt10b	Fzd1_Lrp5
Wnt10b	Fzd5_Lrp6
Wnt10b	Fzd2_Lrp6
Wnt10b	Fzd8_Lrp6
Wnt10b	Fzd3_Lrp6
Wnt10b	Fzd4_Lrp6
Wnt10b	Fzd10_Lrp6
Wnt10b	Fzd1_Lrp6
Wnt7a	Fzd9_Lrp5
Wnt7a	Fzd9_Lrp6
Wnt7a	Fzd6_Lrp5
Wnt7a	Fzd6_Lrp6
Wnt7a	Fzd7_Lrp5
Wnt7a	Fzd7_Lrp6
Wnt7a	Fzd5_Lrp5
Wnt7a	Fzd2_Lrp5
Wnt7a	Fzd8_Lrp5
Wnt7a	Fzd3_Lrp5
Wnt7a	Fzd4_Lrp5
Wnt7a	Fzd10_Lrp5
Wnt7a	Fzd1_Lrp5
Wnt7a	Fzd5_Lrp6
Wnt7a	Fzd2_Lrp6
Wnt7a	Fzd8_Lrp6
Wnt7a	Fzd3_Lrp6
Wnt7a	Fzd4_Lrp6
Wnt7a	Fzd10_Lrp6
Wnt7a	Fzd1_Lrp6
Wnt7a	Reck
Wnt7a	Ldlr
Cxcl11	Adra2a
Cxcl11	Ackr3
Cxcl11	Mtnr1a
Cxcl11	Cxcr3
Cxcl11	Ccr3
Cxcl11	Ccr5
Cxcl11	Grm7
Cxcl11	Ackr1
Mstn	Acvr1b_Acvr2a
Mstn	Acvr2a_Tgfbr1
Mstn	Acvr1b_Acvr2b
Mstn	Acvr2b_Tgfbr1
Wnt9a	Fzd9_Lrp5
Wnt9a	Fzd9_Lrp6
Wnt9a	Fzd6_Lrp5
Wnt9a	Fzd6_Lrp6
Wnt9a	Fzd7_Lrp5
Wnt9a	Fzd7_Lrp6
Wnt9a	Fzd5_Lrp5
Wnt9a	Fzd2_Lrp5
Wnt9a	Fzd8_Lrp5
Wnt9a	Fzd3_Lrp5
Wnt9a	Fzd4_Lrp5
Wnt9a	Fzd10_Lrp5
Wnt9a	Fzd1_Lrp5
Wnt9a	Fzd5_Lrp6
Wnt9a	Fzd2_Lrp6
Wnt9a	Fzd8_Lrp6
Wnt9a	Fzd3_Lrp6
Wnt9a	Fzd4_Lrp6
Wnt9a	Fzd10_Lrp6
Wnt9a	Fzd1_Lrp6
Wnt9b	Fzd9_Lrp5
Wnt9b	Fzd9_Lrp6
Wnt9b	Fzd6_Lrp5
Wnt9b	Fzd6_Lrp6
Wnt9b	Fzd7_Lrp5
Wnt9b	Fzd7_Lrp6
Wnt9b	Fzd5_Lrp5
Wnt9b	Fzd2_Lrp5
Wnt9b	Fzd8_Lrp5
Wnt9b	Fzd3_Lrp5
Wnt9b	Fzd4_Lrp5
Wnt9b	Fzd10_Lrp5
Wnt9b	Fzd1_Lrp5
Wnt9b	Fzd5_Lrp6
Wnt9b	Fzd2_Lrp6
Wnt9b	Fzd8_Lrp6
Wnt9b	Fzd3_Lrp6
Wnt9b	Fzd4_Lrp6
Wnt9b	Fzd10_Lrp6
Wnt9b	Fzd1_Lrp6
Sema3e	Nrp1
Sema3e	Plxnd1
Angpt2	Itga5_Itgb1
Angpt2	Tie1
Angpt2	Tek
Npff	Npffr1
Npff	Npffr2
Vgf	Ntrk1
Ccl25	Adra2a
Ccl25	Ccr10
Ccl25	Mtnr1a
Ccl25	Ccr9
Ccl25	Grm7
Ccl25	Ackr4
Fgf10	Fgfr1
Fgf10	Fgfr2
Fgf10	Fgfrl1
Fgf16	Fgfr1
Fgf16	Fgfr2
Fgf16	Fgfr4
Fgf16	Fgfr3
Dhh	Ptch1_Smo
Dhh	Ptch2_Smo
Dhh	Cdon
Dhh	Boc
Hcrt	Hcrtr1
Hcrt	Hcrtr2
Hcrt	Npffr2
Edil3	Itgb3
Edil3	Itgav
Edil3	Itgb5
Cd5l	Cd5
Vegfd	Flt4_Kdr
Vegfd	Nrp2
Vegfd	Itgb1
Vegfd	Itga5
Vegfd	Itga4
Vegfd	Itga2
Vegfd	Flt1
Vegfd	Itga1
Vegfd	Itga9
Cxcl13	Adra2a
Cxcl13	Cxcr5
Cxcl13	Ccr10
Cxcl13	Mtnr1a
Cxcl13	Cxcr3
Cxcl13	Grm7
Cxcl13	Ackr1
Cxcl13	Ackr4
Fgf17	Fgfr1
Fgf17	Fgfr2
Fgf17	Fgfr4
Fgf17	Fgfr3
Gdf9	Acvr1b_Bmpr2
Gdf9	Bmpr2_Tgfbr1
Gdf9	Bmpr1b
Gdf9	Acvr2a
Gdf9	Bmpr1a
Pspn	Gfra4_Ret
Pspn	Gfra2
Pspn	Sdc3
Pspn	Gfra1
Grem1	Kdr
Slit1	Sdc1
Slit1	Gpc1
Slit1	Robo2
Slit1	Flrt3
Slit1	Robo1
Slit3	Robo4
Slit3	Robo2
Slit3	Robo1
Fgf18	Fgfr1
Fgf18	Fgfr2
Fgf18	Fgfr4
Fgf18	Fgfr3
Slit2	App
Slit2	Sdc1
Slit2	Gpc1
Slit2	Dcc
Slit2	Robo4
Slit2	Robo2
Slit2	Robo1
Lrig2	Egfr
Dkk1	Lrp4
Dkk1	Lrp5
Dkk1	Lrp6
Dkk1	Kremen2
Dkk1	Kremen1
Sema3d	Nrp1_Plxna2
Sema3d	Nrp1_Plxna3
Sema3d	Nrp1_Plxna4
Sema3d	Nrp1_Plxna1
Sema3d	Nrp2_Plxna2
Sema3d	Nrp2_Plxna3
Sema3d	Nrp2_Plxna4
Sema3d	Nrp2_Plxna1
Sema3d	Plxnd1
Nxph2	Nrxn1
Nxph3	Nrxn1
Nxph3	Nrxn3
Nxph3	Nrxn2
Ccn4	Itgb1
Ccn4	Itga5
Gdf11	Acvr1b_Acvr2a
Gdf11	Acvr2a_Tgfbr1
Gdf11	Acvr1b_Acvr2b
Gdf11	Acvr2b_Tgfbr1
Gdf11	Bmpr1b
Gdf11	Bmpr1a
Gdf11	Bmpr2
Gdf11	Antxr1
Bmp10	Acvr2a_Acvrl1
Bmp10	Acvr2b_Acvrl1
Bmp10	Acvrl1_Bmpr2
Bmp10	Bmpr1b
Bmp10	Ffar2
Bmp10	Bmpr1a
Bmp10	Gpr152
Bmp10	Vsir
Uts2	Uts2r
Ntn1	Unc5c
Ntn1	Adora2b
Ntn1	Mcam
Ntn1	Dcc
Ntn1	Unc5d
Ntn1	Unc5a
Ntn1	Unc5b
Ntn1	Neo1
Cxcl14	Cxcr4
Fgf15	Fgfr1
Fgf15	Fgfr2
Fgf15	Fgfr4
Fgf15	Fgfr3
Fgf15	Klb
Il33	Il1rap_Il1rl1
Cer1	Mrc2
Angptl1	Tek
Olfm2	Robo2
Lgi1	Adam23
Lgi1	Rtn4r
Bmp15	Bmpr1b_Bmpr2
Bmp15	Acvr2a
Bmp15	Bmpr1a
Wnt11	Fzd9
Wnt11	Musk
Wnt11	Fzd6
Wnt11	Fzd7
Wnt11	Fzd5
Wnt11	Fzd2
Wnt11	Fzd8
Wnt11	Fzd3
Wnt11	Fzd4
Wnt11	Fzd10
Hp	Tlr4
Hp	Asgr1
Hp	Asgr2
Hp	Itgam
Hp	Cd22
Hp	Cd163
Plg	F2rl2
Plg	Itgb1
Plg	Itgam
Plg	Igf2r
Plg	F3
Plg	Flt1
Plg	F2r
Plg	F2rl1
Plg	Plaur
Plg	Itga9
Plg	Pard3
Plg	F2rl3
Agt	Mas1
Agt	Adra2a
Agt	Mtnr1a
Agt	Agtr2
Agt	Lrp2
Agt	Grm7
Pdgfb	Pdgfra_Pdgfrb
Pdgfb	Itgav
Pdgfb	S1pr1
Pdgfb	Lrp1
Pdgfb	Adgrv1
Egf	Egfr_Erbb2
Egf	Nrp1
Egf	Ldlr
Egf	Adrb2
Egf	Erbb3
Egf	Fshr
Egf	Axl
Egf	Lrp2
Egf	Erbb4
Tgfb1	Itgav_Itgb6
Tgfb1	Acvr1b_Tgfbr2
Tgfb1	Tgfbr1_Tgfbr2
Tgfb1	Acvr1_Tgfbr1_Tgfbr2
Tgfb1	Acvr1_Tgfbr2
Tgfb1	Acvr1c_Tgfbr2
Tgfb1	Egfr
Tgfb1	Itgb3
Tgfb1	Itgb1
Tgfb1	Itgb5
Tgfb1	Itgb8
Tgfb1	Sdc2
Tgfb1	Acvrl1
Tgfb1	Cxcr4
Tgfb1	Tgfbr3
Tgfb1	Vasn
Ngf	Ntrk1
Ngf	Ngfr
Ngf	Sorcs2
Nppa	Npr1
Nppa	Npr3
Nppa	Npr2
Oxt	Avpr2
Oxt	Oxtr
Oxt	Avpr1a
Oxt	Avpr1b
Avp	Ramp2
Avp	Ramp3
Avp	Ldlr
Avp	Adrb2
Avp	Adrb3
Avp	Tshr
Avp	Avpr2
Avp	Oxtr
Avp	Vipr1
Avp	Avpr1a
Avp	Adcyap1r1
Avp	Avpr1b
Avp	Lrp2
Avp	Pth1r
Avp	Gpr20
Avp	Gpr84
Pomc	Ramp2
Pomc	Ramp3
Pomc	Adrb2
Pomc	Adra2a
Pomc	Adrb3
Pomc	Tshr
Pomc	Vipr1
Pomc	Mc4r
Pomc	Mc5r
Pomc	Oprm1
Pomc	Oprk1
Pomc	Oprl1
Pomc	Adcyap1r1
Pomc	Mc3r
Pomc	Mtnr1a
Pomc	Mc2r
Pomc	Mc1r
Pomc	Pth1r
Pomc	Grm7
Pomc	Gpr20
Pomc	Gpr84
Penk	Adra2a
Penk	Oprm1
Penk	Oprk1
Penk	Oprl1
Penk	Mtnr1a
Penk	Grm7
Penk	Ogfr
Pdyn	Adra2a
Pdyn	Oprm1
Pdyn	Oprk1
Pdyn	Oprl1
Pdyn	Mtnr1a
Pdyn	Grm7
Cga	Ramp2
Cga	Ramp3
Cga	Adrb2
Cga	Adrb3
Cga	Tshr
Cga	Lhcgr
Cga	Fshr
Cga	Vipr1
Cga	Adcyap1r1
Cga	Pth1r
Cga	Gpr20
Cga	Gpr84
Tshb	Ramp2
Tshb	Ramp3
Tshb	Adrb2
Tshb	Adrb3
Tshb	Tshr
Tshb	Vipr1
Tshb	Adcyap1r1
Tshb	Pth1r
Tshb	Gpr20
Tshb	Gpr84
Fshb	Ramp2
Fshb	Ramp3
Fshb	Adrb2
Fshb	Adrb3
Fshb	Tshr
Fshb	Fshr
Fshb	Vipr1
Fshb	Adcyap1r1
Fshb	Pth1r
Fshb	Gpr20
Fshb	Gpr84
Gh	Ghr
Gh	Prlr
Gh	Ghr
Calca	Adrb2
Calca	Adrb3
Calca	Tshr
Calca	Vipr1
Calca	Adcyap1r1
Calca	Pth1r
Calca	Gpr20
Calca	Gpr84
Tg	Tpo
Tg	Asgr1
Tg	Lrp2
Pth	Ramp2
Pth	Ramp3
Pth	Lrp6
Pth	Adrb2
Pth	Adrb3
Pth	Tshr
Pth	Vipr1
Pth	Adcyap1r1
Pth	Pth2r
Pth	Pth1r
Pth	Gpr20
Pth	Gpr84
Gcg	Ramp2
Gcg	Ramp3
Gcg	Glp2r
Gcg	Adrb2
Gcg	Adrb3
Gcg	Tshr
Gcg	Vipr1
Gcg	Adcyap1r1
Gcg	Glp1r
Gcg	Gcgr
Gcg	Gipr
Gcg	Pth1r
Gcg	Gpr20
Gcg	Gpr84
Vip	Ramp1
Vip	Ramp2
Vip	Ramp3
Vip	Adrb2
Vip	Adrb3
Vip	Tshr
Vip	Npr3
Vip	Vipr1
Vip	Avpr1a
Vip	Adcyap1r1
Vip	Vipr2
Vip	Sctr
Vip	Pth1r
Vip	Gpr20
Vip	Gpr84
Ghrh	Ramp2
Ghrh	Ramp3
Ghrh	Adrb2
Ghrh	Adrb3
Ghrh	Tshr
Ghrh	Vipr1
Ghrh	Adcyap1r1
Ghrh	Vipr2
Ghrh	Ghrhr
Ghrh	Pth1r
Ghrh	Ghsr
Ghrh	Gpr20
Ghrh	Gpr84
Ppy	Adra2a
Ppy	Npy1r
Ppy	Mtnr1a
Ppy	Npy2r
Ppy	Npy4r
Ppy	Grm7
Ppy	Npy5r
Ppy	Npy6r
Ppy	Gpr83
Npy	Adra2a
Npy	Npy1r
Npy	Mc4r
Npy	Mtnr1a
Npy	Npy2r
Npy	Prlhr
Npy	Npy4r
Npy	Grm7
Npy	Npy5r
Npy	Npy6r
Npy	Gpr83
Npy	Npffr2
Igf2	Itgav_Itgb3
Igf2	Itga6_Itgb4
Igf2	Insr
Igf2	Igf1r
Igf2	Igf2r
Igf2	Gpr152
Gast	Cckbr
Gast	Gpr152
Lta	Tnfrsf1a
Lta	Tnfrsf1b
Lta	Tnfrsf14
Ifnb1	Ifnar1_Ifnar2
Ifng	Ifngr1_Ifngr2
Il1a	Il1r1_Il1rap
Il1a	Il1r2_Il1rap
Il1b	Il1r1_Il1rap
Il1b	Il1r2_Il1rap
Il1b	Adrb2
Il1b	Sigirr
Epo	Epor
Epo	Ephb4
Apoa1	Ldlr
Apoa1	Lrp2
Apoa1	Lrp1
Apoe	Lrp4
Apoe	Lrp5
Apoe	Lrp6
Apoe	Ldlr
Apoe	Sdc2
Apoe	Vldlr
Apoe	Lrp2
Apoe	Lrp1
Apoe	Lrp8
Apoe	Lsr
Apoe	Scarb1
Apoe	Trem2
Apoa2	Ldlr
Apoa2	Lrp2
Apoa2	Lrp1
Apoc2	Ldlr
Apoc2	Lrp2
Apoc2	Lrp1
Apoc3	Tlr2
Apoc3	Ldlr
Apoc3	Sdc2
Apoc3	Lrp2
Apoc3	Lrp1
Ttr	Ngfr
Gc	Lrp2
Ppbp	Adra2a
Ppbp	Cxcr2
Ppbp	Mtnr1a
Ppbp	Grm7
Ppbp	Ackr1
Pf4	Ldlr
Pf4	Thbd
Pf4	Adra2a
Pf4	Fgfr2
Pf4	Sdc2
Pf4	Mtnr1a
Pf4	Cxcr3
Pf4	Lrp1
Pf4	Grm7
Pf4	Ackr1
Pf4	Procr
Cxcl10	Adra2a
Cxcl10	Mtnr1a
Cxcl10	Cxcr3
Cxcl10	Ccr3
Cxcl10	Grm7
Cxcl10	Ackr1
Trf	Ldlr
Trf	Tfrc
Trf	Adrb2
Trf	Lrp2
Trf	Tfr2
Hpx	Lrp1
Amh	Amhr2_Bmpr1b
Amh	Amhr2_Bmpr1a
Amh	Acvr1_Amhr2
Amh	Egfr
Pdgfa	Pdgfrb
Pdgfa	Pdgfra
Rln1	Ramp2
Rln1	Ramp3
Rln1	Adrb2
Rln1	Adrb3
Rln1	Tshr
Rln1	Vipr1
Rln1	Adcyap1r1
Rln1	Pth1r
Rln1	Rxfp2
Rln1	Gpr20
Rln1	Rxfp1
Rln1	Gpr84
Rln1	Rxfp3
Apob	Tlr4
Apob	Lrp6
Apob	Ldlr
Apob	Adrb2
Apob	Itgam
Apob	Olr1
Apob	Vldlr
Apob	Lrp2
Apob	Lrp1
Apob	Lrp8
Apob	Lsr
Apob	Tlr6
Csf2	Itgb1
Csf2	Csf1r
Csf2	Il3ra
Csf2	Sdc2
Csf2	Itga9
Csf2	Csf3r
Wnt1	Fzd9_Lrp5
Wnt1	Fzd9_Lrp6
Wnt1	Fzd6_Lrp5
Wnt1	Fzd6_Lrp6
Wnt1	Fzd7_Lrp5
Wnt1	Fzd7_Lrp6
Wnt1	Fzd5_Lrp5
Wnt1	Fzd2_Lrp5
Wnt1	Fzd8_Lrp5
Wnt1	Fzd3_Lrp5
Wnt1	Fzd4_Lrp5
Wnt1	Fzd10_Lrp5
Wnt1	Fzd1_Lrp5
Wnt1	Fzd5_Lrp6
Wnt1	Fzd2_Lrp6
Wnt1	Fzd8_Lrp6
Wnt1	Fzd3_Lrp6
Wnt1	Fzd4_Lrp6
Wnt1	Fzd10_Lrp6
Wnt1	Fzd1_Lrp6
Wnt1	Cd36
Wnt1	Ryk
Wnt1	Ror2
Rln1	Rxfp4
Rln1	Rxfp2
Rln1	Rxfp1
Rln1	Rxfp3
Igf1	Itgav_Itgb3
Igf1	Itga6_Itgb4
Igf1	Insr
Igf1	Igf1r
Igf1	Igf2r
Apod	Lepr
S100a8	Tlr4
S100a8	Cd36
S100a8	Cd68
S100a8	Ager
Inha	Tgfbr3
Inha	Acvr1
Il4	Il2rg_Il4ra
Il4	Il13_Il13ra1_Il4ra
Il4	Il13ra1_Il4ra
Il4	Il13ra2_Il4ra
Il4	Cd53
Fgf1	Nrp1
Fgf1	Egfr
Fgf1	Fgfr1
Fgf1	Cd44
Fgf1	Fgfr2
Fgf1	Fgfr4
Fgf1	Fgfr3
Fgf1	Tgfbr3
Fgf1	Cspg4
Fgf1	Fgfrl1
Il6	Il6ra_Il6st
Il6	F3
Il6	Hrh1
Edn1	Ednrb
Edn1	Ednra
Edn1	Adgrl4
H2-Ab1	Lag3
Cck	Cckar
Cck	Cckbr
S100a9	Tlr4
S100a9	Cd36
S100a9	Cd68
S100a9	Ager
Apoa4	Ldlr
Apoa4	Lrp2
Apoa4	Lrp1
Gpi1	Ntrk1
Crh	Ramp2
Crh	Ramp3
Crh	Adrb2
Crh	Adrb3
Crh	Tshr
Crh	Vipr1
Crh	Crhr1
Crh	Adcyap1r1
Crh	Mc2r
Crh	Pth1r
Crh	Crhr2
Crh	Gpr20
Crh	Gpr84
Calca	Calcrl_Ramp1
Calca	Calcrl_Ramp2
Calca	Calcrl_Ramp3
Grp	Nmbr
Grp	Grpr
Grp	Brs3
Dcn	Tlr4
Dcn	Tlr2
Dcn	Egfr
Dcn	Met
Dcn	Erbb4
Inhba	Tgfbr3
Inhba	Bambi
Plg	Itgam
Plg	Lrp2
Plg	Lpar4
Plg	Lpar2
Plg	Lpar3
Fgf4	Nrp1
Fgf4	Fgfr1
Fgf4	Fgfr2
Fgf4	Fgfr4
Fgf4	Fgfr3
Fgf4	Fgfrl1
Nmb	Nmbr
Nmb	Grpr
Nmb	Brs3
Fgf2	Nrp1
Fgf2	Sdc3
Fgf2	Gpc4
Fgf2	Fgfr1
Fgf2	Cd44
Fgf2	Sdc1
Fgf2	Fgfr2
Fgf2	Fgfr4
Fgf2	Fgfr3
Fgf2	Sdc2
Fgf2	Fgfrl1
Lgals1	Itgb1
Lgals1	Ptprc
Wnt2	Fzd9_Lrp5
Wnt2	Fzd9_Lrp6
Wnt2	Fzd6_Lrp5
Wnt2	Fzd6_Lrp6
Wnt2	Fzd7_Lrp5
Wnt2	Fzd7_Lrp6
Wnt2	Fzd5_Lrp5
Wnt2	Fzd2_Lrp5
Wnt2	Fzd8_Lrp5
Wnt2	Fzd3_Lrp5
Wnt2	Fzd4_Lrp5
Wnt2	Fzd10_Lrp5
Wnt2	Fzd1_Lrp5
Wnt2	Fzd5_Lrp6
Wnt2	Fzd2_Lrp6
Wnt2	Fzd8_Lrp6
Wnt2	Fzd3_Lrp6
Wnt2	Fzd4_Lrp6
Wnt2	Fzd10_Lrp6
Wnt2	Fzd1_Lrp6
Gip	Ramp2
Gip	Ramp3
Gip	Insr
Gip	Adrb2
Gip	Adrb3
Gip	Tshr
Gip	Vipr1
Gip	Adcyap1r1
Gip	Gipr
Gip	Pth1r
Gip	Gpr20
Gip	Gpr84
Sct	Ramp2
Sct	Ramp3
Sct	Adrb2
Sct	Adrb3
Sct	Tshr
Sct	Vipr1
Sct	Adcyap1r1
Sct	Vipr2
Sct	Sctr
Sct	Pth1r
Sct	Gpr20
Sct	Gpr84
Csf3	Csf1r
Csf3	Csf3r
C4b	Cd46
C4b	Cr1l
Nps	Ramp2
Nps	Ramp3
Nps	Adrb2
Nps	Adrb3
Nps	Tshr
Nps	Vipr1
Nps	Adcyap1r1
Nps	Pth1r
Nps	Npsr1
Nps	Gpr20
Nps	Gpr84
Apela	Aplnr
Gh	Prlr
Gh	Prlr
Lhb	Lhcgr
Slurp2	Chrna3
Pyy	Adra2a
Pyy	Npy1r
Pyy	Mtnr1a
Pyy	Npy2r
Pyy	Npy4r
Pyy	Grm7
Pyy	Npy5r
Pyy	Npy6r
Pyy	Gpr83
Calcb	Ramp1
Calcb	Ramp2
Calcb	Ramp3
Calcb	Adrb2
Calcb	Adrb3
Calcb	Tshr
Calcb	Vipr1
Calcb	Adcyap1r1
Calcb	Pth1r
Calcb	Calcrl
Calcb	Gpr20
Calcb	Gpr84
Ccl3	Ccr3
Ccl3	Ccr4
Ccl3	Ccr5
Spp1	Itgav_Itgb3
Spp1	Itgav_Itgb1
Spp1	Itga5_Itgb1
Spp1	Itga4_Itgb1
Spp1	Itga8_Itgb1
Spp1	Itga9_Itgb1
Spp1	Itgav_Itgb5
Spp1	Itgav_Itgb6
Spp1	Cd44
Spp1	Ptger4
Spp1	Ccr8
Pf4	Cxcr3
Rbp3	Notch1
Fgf6	Fgfr1
Fgf6	Fgfr2
Fgf6	Fgfr4
Fgf6	Fgfr3
Iapp	Ramp1
Iapp	Ramp2
Iapp	Ramp3
Iapp	Adrb2
Iapp	Adrb3
Iapp	Tshr
Iapp	Vipr1
Iapp	Adcyap1r1
Iapp	Pth1r
Iapp	Calcrl
Iapp	Gpr20
Iapp	Gpr84
Fgf3	Fgfr1
Fgf3	Fgfr2
Fgf3	Fgfr4
Fgf3	Fgfr3
Fgf3	Fgfrl1
Scgb1a1	Lrp2
Fgf5	Fgfr1
Fgf5	Fgfr2
Fgf5	Fgfr4
Fgf5	Fgfr3
Pthlh	Ramp2
Pthlh	Ramp3
Pthlh	Adrb2
Pthlh	Adrb3
Pthlh	Tshr
Pthlh	Vipr1
Pthlh	Adcyap1r1
Pthlh	Pth2r
Pthlh	Prlhr
Pthlh	Pth1r
Pthlh	Gpr20
Pthlh	Gpr84
Pip	Cd4
Pip	Nptn
Gzma	F2rl2
Gzma	F2r
Gzma	F2rl1
Gzma	Pard3
Gzma	F2rl3
Bmp2	Acvr2a_Bmpr1b
Bmp2	Acvr2b_Bmpr1b
Bmp2	Bmpr1b_Bmpr2
Bmp2	Acvr2a_Bmpr1a
Bmp2	Acvr2b_Bmpr1a
Bmp2	Bmpr1a_Bmpr2
Bmp2	Gpc1
Bmp2	Acvr1
Bmp2	Smo
Bmp4	Acvr2a_Bmpr1b
Bmp4	Acvr2b_Bmpr1b
Bmp4	Bmpr1b_Bmpr2
Bmp4	Acvr2a_Bmpr1a
Bmp4	Acvr2b_Bmpr1a
Bmp4	Bmpr1a_Bmpr2
Bmp4	Lrp6
Bmp3	Acvr1b_Acvr2a
Bmp3	Bmpr1b
Bmp3	Bmpr1a
Bmp3	Acvr2b
Bmp3	Bmpr2
Il7	Il2rg_Il7r
Ccl4	Cnr2
Ccl4	Ccr3
Ccl4	Ccr5
Ccl4	Ccr8
Ccl4	Gpr152
Ccl4	Gprc5d
Bmp1	Bmpr1b
Bmp1	Bmpr1a
Bmp1	Bmpr2
Ccl5	Ccrl2
Ccl5	Gpr75
Ccl5	Adra2a
Ccl5	Sdc1
Ccl5	Mtnr1a
Ccl5	Cxcr3
Ccl5	Ccr3
Ccl5	Ccr4
Ccl5	Ccr5
Ccl5	Grm7
Ccl5	Ackr1
Ccl5	Ackr4
Vcan	Tlr2
Vcan	Egfr
Vcan	Itgb1
Vcan	Itga4
Vcan	Sell
Vcan	Cd44
Vcan	Selp
Vcan	Tlr1
Osm	Il6st_Lifr
Osm	Il6st_Osmr
Col11a2	Itga10_Itgb1
Col11a2	Itga2_Itgb1
Col11a2	Itga1_Itgb1
Col11a2	Itga11_Itgb1
Edn3	Ednrb
Edn3	Ednra
Mif	Cd44_Cd74
Mif	Cd74_Cxcr2
Mif	Cd74_Cxcr4
Mif	Egfr
Mif	Ackr3
Mif	Tnfrsf14
Mif	Tnfrsf10b
Hgf	Nrp1
Hgf	Itgb1
Hgf	Met
Hgf	Cd44
Hgf	Sdc1
Hgf	Sdc2
Nid1	Itgb3
Nid1	Itgb1
Nid1	Itgav
Nid1	Ptprf
Nid1	Itga3
Lif	Il6st_Lifr
Il9	Il2rg_Il9r
Areg	Egfr_Erbb2
Areg	Erbb3
Vegfa	Flt1_Kdr
Vegfa	Nrp1
Vegfa	Nrp2
Vegfa	Egfr
Vegfa	Itgb3
Vegfa	Itgb1
Vegfa	Itgav
Vegfa	Ret
Vegfa	Ephb2
Vegfa	Gpc1
Vegfa	Tyro3
Vegfa	Itga9
Muc1	Siglece
Nppb	Npr1
Nppb	Npr3
Nppb	Npr2
Lgals3	Lag3
Bmp7	Acvr2a_Bmpr1b
Bmp7	Acvr2b_Bmpr1b
Bmp7	Bmpr1b_Bmpr2
Bmp7	Acvr2a_Bmpr1a
Bmp7	Acvr1_Acvr2a
Bmp7	Acvr2b_Bmpr1a
Bmp7	Bmpr1a_Bmpr2
Bmp7	Acvr1_Acvr2b
Bmp7	Acvr1_Bmpr2
Bmp7	Ptprk
Adcyap1	Ramp2
Adcyap1	Ramp3
Adcyap1	Adrb2
Adcyap1	Adrb3
Adcyap1	Tshr
Adcyap1	Vipr1
Adcyap1	Adcyap1r1
Adcyap1	Vipr2
Adcyap1	Sctr
Adcyap1	Pth1r
Adcyap1	Gpr20
Adcyap1	Gpr84
Il1rn	Il1rl2
Fst	Bmpr1b
Fst	Bmpr2
Tac1	Tacr2
Pmch	Adra2a
Pmch	Mtnr1a
Pmch	Mertk
Pmch	Grm7
Pmch	Mchr1
Trh	Trhr
Ntf3	Ntrk1
Ntf3	Ngfr
Ntf3	Ntrk3
Ntf3	Ntrk2
Edn2	Ednrb
Edn2	Ednra
Ptn	Itgav_Itgb3
Ptn	Plxnb2
Ptn	Sdc3
Ptn	Sdc1
Ptn	Ptprb
Ptn	Ptprz1
Ptn	Sdc2
Ptn	Ptprs
Ptn	Alk
Mdk	Itga4_Itgb1
Mdk	Itga6_Itgb1
Mdk	Tspan1
Mdk	Sdc3
Mdk	Sdc1
Mdk	Ptprz1
Mdk	Sdc2
Mdk	Lrp2
Mdk	Notch2
Mdk	Lrp1
Mdk	Alk
Zp3	Egfr
Zp3	Mertk
Fgf7	Nrp1
Fgf7	Fgfr1
Fgf7	Fgfr2
Fgf7	Fgfr4
Fgf7	Fgfr3
Bmp5	Acvr2a_Bmpr1b
Bmp5	Acvr2b_Bmpr1b
Bmp5	Bmpr1b_Bmpr2
Bmp5	Acvr2a_Bmpr1a
Bmp5	Acvr1_Acvr2a
Bmp5	Acvr2b_Bmpr1a
Bmp5	Bmpr1a_Bmpr2
Bmp5	Acvr1_Acvr2b
Bmp5	Acvr1_Bmpr2
Bmp6	Acvr2a_Bmpr1b
Bmp6	Acvr2b_Bmpr1b
Bmp6	Bmpr1b_Bmpr2
Bmp6	Acvr2a_Bmpr1a
Bmp6	Acvr1_Acvr2a
Bmp6	Acvr2b_Bmpr1a
Bmp6	Bmpr1a_Bmpr2
Bmp6	Acvr1_Acvr2b
Bmp6	Acvr1_Bmpr2
Il10	Il10ra_Il10rb
Ccl1	Ccr8
Ccl1	Ackr1
Ccl1	Ackr4
Fgfr4	Tnfrsf10b
Fgfr4	Epha4
Fgfr4	Ptprr
Gal	Galr2
Gal	Galr3
Gal	Adra2a
Gal	Galr1
Gal	Mtnr1a
Gal	Grm7
Gal	Gpr151
Fgfr3	Epha4
Fbln1	Itgb1
Bdnf	Ngfr
Bdnf	Drd4
Bdnf	Ntrk2
Bdnf	Gpr152
Nppc	Npr1
Nppc	Npr3
Nppc	Npr2
Col8a2	Itga10_Itgb1
Col8a2	Itga2_Itgb1
Col8a2	Itga1_Itgb1
Col8a2	Itga11_Itgb1
Azgp1	Itgav
S100a4	Egfr
S100a4	Erbb2
S100a4	Ccr5
Mst1	Mst1r
Calr	Itgav
Calr	Itga2b
Calr	Tshr
Calr	Itga3
Calr	Mpl
Calr	Mtnr1a
Calr	Lrp1
Calr	Scarf1
Cfp	Ncr1
Grn	Egfr
Grn	Ntrk1
Grn	Tnfrsf1a
Grn	Tnfrsf1b
Ccn2	Lrp6
Ccn2	Egfr
Ccn2	Ntrk1
Ccn2	Itga5
Ccn2	Itgam
Ccn2	Igf2r
Ccn2	Fgfr2
Ccn2	Lrp1
Ccn2	Erbb4
Il12a	Cd28
Nts	Ntsr2
Nts	Ngfr
Nts	Ntsr1
Fgf9	Fgfr1
Fgf9	Fgfr2
Fgf9	Fgfr4
Fgf9	Fgfr3
Ntf5	Ntrk1
Ntf5	Ngfr
Ntf5	Ntrk2
Il13	Il13_Il13ra1_Il4ra
Il13	Il13ra1_Il4ra
Il13	Il13ra2_Il4ra
Il13	Il2rg
Il13	Tmem219
Sftpd	Tlr4
Sftpd	Lair1
Adm	Gpr182
Adm	Ramp1
Adm	Ramp2
Adm	Ramp3
Adm	Adrb2
Adm	Adrb3
Adm	Tshr
Adm	Vipr1
Adm	Adcyap1r1
Adm	Pth1r
Adm	Calcrl
Adm	Gpr20
Adm	Gpr84
Serpinf1	Plxdc2
Snca	Lag3
Col15a1	Itga10_Itgb1
Col15a1	Itga2_Itgb1
Col15a1	Itga1_Itgb1
Col15a1	Itga11_Itgb1
Gdnf	Gfra2_Ret
Gdnf	Gfra1_Ret
Gdnf	Ednrb
Thpo	Mpl
Il15	Il15ra_Il2rb_Il2rg
Il15	Il2ra
Lep	Lepr
Lep	Lrp2
Wnt5a	Fzd9
Wnt5a	Fzd6
Wnt5a	Fzd7
Wnt5a	Lrp5
Wnt5a	Lrp6
Wnt5a	Ldlr
Wnt5a	Adrb2
Wnt5a	Ryk
Wnt5a	Mcam
Wnt5a	Lrp2
Wnt5a	Ror1
Wnt5a	Ror2
Wnt5a	Ptk7
Wnt5a	Fzd5
Wnt5a	Fzd2
Wnt5a	Ptprk
Wnt5a	Epha7
Wnt5a	Fzd8
Wnt5a	Antxr1
Wnt5a	Fzd3
Wnt5a	Fzd4
Wnt5a	Fzd10
Cxcl5	Adra2a
Cxcl5	Cxcr2
Cxcl5	Mtnr1a
Cxcl5	Grm7
Cxcl5	Ackr1
Xcl1	Xcr1
Xcl1	Adgrv1
Cxcl12	Cd4
Cxcl12	Itgb3
Cxcl12	Itgb1
Cxcl12	Itgav
Cxcl12	Itga5
Cxcl12	Itga4
Cxcl12	Ackr3
Cxcl12	Avpr1a
Cxcl12	Mtnr1a
Cxcl12	Cxcr3
Cxcl12	Ccr4
Cxcl12	Cxcr4
Cxcl12	Grm7
Nmu	Adra2a
Nmu	Mtnr1a
Nmu	Grm7
Nmu	Nmur2
Nmu	Nmur1
Ccn3	Notch1
Ccn3	Plxna1
Pgf	Flt1_Kdr
Pgf	Nrp1
Pgf	Nrp2
Vegfb	Flt1_Kdr
Vegfb	Nrp1
Vegfb	Adrb2
Vegfb	Ret
Vegfc	Flt4_Kdr
Vegfc	Nrp2
Vegfc	Itgb1
Vegfc	Flt1
Vegfc	Vipr2
Vegfc	Itga9
Vegfc	Lyve1
Insl3	Ramp2
Insl3	Ramp3
Insl3	Adrb2
Insl3	Adrb3
Insl3	Tshr
Insl3	Vipr1
Insl3	Adcyap1r1
Insl3	Pth1r
Insl3	Rxfp4
Insl3	Rxfp2
Insl3	Gpr20
Insl3	Rxfp1
Insl3	Gpr84
Insl3	Rxfp3
Ccl11	Ccr2
Ccl11	Cxcr3
Ccl11	Ccr3
Ccl11	Ccr5
Ccl11	Ackr1
Ccl11	Ackr4
Lum	Itgb1
Copa	Cd74
Copa	Ntrk1
Copa	Mtnr1b
Copa	P2ry6
Slurp1	Chrna3
Mfap2	Notch1
Apoc4	Vldlr
Fgf8	Fgfr1
Fgf8	Fgfr2
Fgf8	Fgfr4
Fgf8	Fgfr3
Fgf8	Fgfrl1
Ucn	Crhr1
Ucn	Crhr2
Inhbc	Acvr1b_Acvr2a
Inhbc	Acvr1c_Acvr2a
Inhbc	Acvr1b_Acvr2b
Inhbc	Acvr1c_Acvr2b
Inhbc	Acvr1
Gdf10	Acvr1b_Acvr2a
Gdf10	Acvr1b_Acvr2b
Ccl3	Ccr3
Ccl3	Ccr8
Ccl3	Ackr1
Wnt3	Fzd9_Lrp5
Wnt3	Fzd9_Lrp6
Wnt3	Fzd6_Lrp5
Wnt3	Fzd6_Lrp6
Wnt3	Fzd7_Lrp5
Wnt3	Fzd7_Lrp6
Wnt3	Fzd5_Lrp5
Wnt3	Fzd2_Lrp5
Wnt3	Fzd8_Lrp5
Wnt3	Fzd3_Lrp5
Wnt3	Fzd4_Lrp5
Wnt3	Fzd10_Lrp5
Wnt3	Fzd1_Lrp5
Wnt3	Fzd5_Lrp6
Wnt3	Fzd2_Lrp6
Wnt3	Fzd8_Lrp6
Wnt3	Fzd3_Lrp6
Wnt3	Fzd4_Lrp6
Wnt3	Fzd10_Lrp6
Wnt3	Fzd1_Lrp6
Wnt3	Ryk
Wnt3	Ror2
Wnt3a	Fzd9_Lrp5
Wnt3a	Fzd9_Lrp6
Wnt3a	Fzd6_Lrp5
Wnt3a	Fzd6_Lrp6
Wnt3a	Fzd7_Lrp5
Wnt3a	Fzd7_Lrp6
Wnt3a	Fzd5_Lrp5
Wnt3a	Fzd2_Lrp5
Wnt3a	Fzd8_Lrp5
Wnt3a	Fzd3_Lrp5
Wnt3a	Fzd4_Lrp5
Wnt3a	Fzd10_Lrp5
Wnt3a	Fzd1_Lrp5
Wnt3a	Fzd5_Lrp6
Wnt3a	Fzd2_Lrp6
Wnt3a	Fzd8_Lrp6
Wnt3a	Fzd3_Lrp6
Wnt3a	Fzd4_Lrp6
Wnt3a	Fzd10_Lrp6
Wnt3a	Fzd1_Lrp6
Wnt3a	Lgr5
Wnt3a	Atp6ap2
Wnt3a	Ryk
Wnt3a	Ror1
Wnt3a	Lrp1
Wnt3a	Apcdd1
Wnt4	Fzd9_Lrp5
Wnt4	Fzd9_Lrp6
Wnt4	Fzd6_Lrp5
Wnt4	Fzd6_Lrp6
Wnt4	Fzd7_Lrp5
Wnt4	Fzd7_Lrp6
Wnt4	Fzd5_Lrp5
Wnt4	Fzd2_Lrp5
Wnt4	Fzd8_Lrp5
Wnt4	Fzd3_Lrp5
Wnt4	Fzd4_Lrp5
Wnt4	Fzd10_Lrp5
Wnt4	Fzd1_Lrp5
Wnt4	Fzd5_Lrp6
Wnt4	Fzd2_Lrp6
Wnt4	Fzd8_Lrp6
Wnt4	Fzd3_Lrp6
Wnt4	Fzd4_Lrp6
Wnt4	Fzd10_Lrp6
Wnt4	Fzd1_Lrp6
Wnt4	Notch1
Wnt4	Smo
Wnt7b	Fzd9_Lrp5
Wnt7b	Fzd9_Lrp6
Wnt7b	Fzd6_Lrp5
Wnt7b	Fzd6_Lrp6
Wnt7b	Fzd7_Lrp5
Wnt7b	Fzd7_Lrp6
Wnt7b	Fzd5_Lrp5
Wnt7b	Fzd2_Lrp5
Wnt7b	Fzd8_Lrp5
Wnt7b	Fzd3_Lrp5
Wnt7b	Fzd4_Lrp5
Wnt7b	Fzd10_Lrp5
Wnt7b	Fzd1_Lrp5
Wnt7b	Fzd5_Lrp6
Wnt7b	Fzd2_Lrp6
Wnt7b	Fzd8_Lrp6
Wnt7b	Fzd3_Lrp6
Wnt7b	Fzd4_Lrp6
Wnt7b	Fzd10_Lrp6
Wnt7b	Fzd1_Lrp6
Inhbe	Acvr1b_Acvr2a
Inhbe	Acvr1c_Acvr2a
Inhbe	Acvr1b_Acvr2b
Inhbe	Acvr1c_Acvr2b
Prok1	Prokr2
Prok1	Prokr1
Nxph1	Nrxn1
Nxph1	Nrxn3
Nxph1	Nrxn2
Fam3b	Lrp5
Defb1	Ccr6
Il2	Il2ra_Il2rb_Il2rg
Il2	Il2rb_Il2rg
Il2	Il20ra_Il20rb_Il2rg
Il2	Ngfr
Il2	Cd53
Sst	Adra2a
Sst	Sstr1
Sst	Sstr2
Sst	Sstr4
Sst	Sstr3
Sst	Sstr5
Sst	Mtnr1a
Sst	Grm7
Ostn	Npr3
Tgfb2	Acvr1b_Tgfbr2
Tgfb2	Tgfbr1_Tgfbr2
Tgfb2	Acvr1_Tgfbr1_Tgfbr2
Tgfb2	Acvr1_Tgfbr2
Tgfb2	Acvr1c_Tgfbr2
Tgfb2	Tgfbr3
Ybx1	Notch1
Cx3cl1	Itgb3
Cx3cl1	Itgav
Cx3cl1	Cx3cr1
Ccl20	Adra2a
Ccl20	Mtnr1a
Ccl20	Cxcr3
Ccl20	Ccr6
Ccl20	Grm7
Ccl20	Ackr4
Cxcl5	Adra2a
Cxcl5	Cxcr2
Cxcl5	Mtnr1a
Cxcl5	Grm7
Cxcl5	Ackr1
Prlh	Prlhr
Defb14	Ccr2
Defb14	Ccr6
Qrfp	P2ry14
Fbln2	Itgb3
Ndp	Lgr4
Ndp	Fzd4
Guca2a	Gucy2c
Tff2	Cxcr4
Col10a1	Itga10_Itgb1
Col10a1	Itga2_Itgb1
Col10a1	Itga1_Itgb1
Col10a1	Itga11_Itgb1
Col16a1	Itga10_Itgb1
Col16a1	Itga2_Itgb1
Col16a1	Itga1_Itgb1
Col16a1	Itga11_Itgb1
Cxcl9	Adra2a
Cxcl9	Mtnr1a
Cxcl9	Cxcr3
Cxcl9	Ccr3
Cxcl9	Grm7
Cxcl9	Ackr1
Tff3	Ackr3
Tff3	Cxcr4
Lgals3bp	Itgb1
Mfge8	Itgb3
Mfge8	Itgav
Mfge8	Pdgfrb
Fgl1	Egfr
Fgl1	Lag3
Efemp1	Egfr
Aimp1	Ntrk1
Il24	Il20rb_Il22ra1
Il24	Il20ra_Il20rb
Il24	Notch2
Il24	Il10rb
Sema3b	Nrp1_Plxna2
Sema3b	Nrp1_Plxna3
Sema3b	Nrp1_Plxna4
Sema3b	Nrp1_Plxna1
Sema3b	Nrp2_Plxna2
Sema3b	Nrp2_Plxna3
Sema3b	Nrp2_Plxna4
Sema3b	Nrp2_Plxna1
Il15ra	Axl
Sema3f	Nrp2_Plxna2
Sema3f	Nrp2_Plxna3
Sema3f	Nrp2_Plxna4
Sema3f	Nrp2_Plxna1
Sema3f	Nrp1
Pnoc	Adra2a
Pnoc	Oprl1
Pnoc	Mtnr1a
Pnoc	Grm7
Il16	Cd4
Il16	Ccr5
Il18	Il18r1_Il18rap
Il18	Il18_Il18r1_Il18rap
Il18	Il1rl2
Il18	Il1rapl1
Gas6	Axl
Gas6	Tyro3
Gas6	Mertk
Gh	Ghr
Gh	Prlr
Sema3a	Nrp1_Plxna2
Sema3a	Nrp1_Plxna3
Sema3a	Nrp1_Plxna4
Sema3a	Nrp1_Plxna1
Sema3a	Nrp2
Ihh	Ptch1_Smo
Ihh	Ptch2_Smo
Ihh	Cdon
Ihh	Boc
Col19a1	Itga10_Itgb1
Col19a1	Itga2_Itgb1
Col19a1	Itga1_Itgb1
Col19a1	Itga11_Itgb1
Postn	Itgav_Itgb3
Postn	Itgav_Itgb5
Postn	Ptk7
Angpt1	Itgb1
Angpt1	Itga5
Angpt1	Tie1
Angpt1	Tek
Shh	Ptch1_Smo
Shh	Ptch2_Smo
Shh	Gpc1
Shh	Gpc5
Shh	Lrp2
Shh	Cdon
Shh	Boc
Adipoq	Ffar3
Adipoq	Asgr2
Adipoq	Cnr2
Adipoq	Adipor2
Adipoq	Prokr2
Adipoq	Gpr152
Adipoq	Adipor1
Ecm1	Itgb4
Ctf1	Il6st_Lifr
Guca2b	Gucy2c
Col24a1	Itga10_Itgb1
Col24a1	Itga2_Itgb1
Col24a1	Itga1_Itgb1
Col24a1	Itga11_Itgb1
Msmp	Ccr2
Rspo4	Lgr5_Lrp5
Rspo4	Lgr4_Lrp5
Rspo4	Lgr5_Lrp6
Rspo4	Lgr4_Lrp6
Rspo4	Lgr6
Rspo1	Lgr5
Rspo1	Lrp6
Rspo1	Lgr4
Rspo1	Fzd8
Rspo1	Lgr6
Col28a1	Itga10_Itgb1
Col28a1	Itga2_Itgb1
Col28a1	Itga1_Itgb1
Col28a1	Itga11_Itgb1
Erfe	Lrp1
Nms	Adra2a
Nms	Mtnr1a
Nms	Grm7
Nms	Nmur2
Nms	Nmur1
Artn	Gfra3_Ret
Artn	Gfra1_Ret
Artn	Gfra2
Il31	Il31ra_Osmr
Gdf6	Acvr2a_Bmpr1b
Gdf6	Acvr2b_Bmpr1b
Gdf6	Bmpr1b_Bmpr2
Gdf6	Acvr2a_Bmpr1a
Gdf6	Acvr2b_Bmpr1a
Gdf6	Bmpr1a_Bmpr2
Igfl3	Igflr1
Enho	Gpr19
Alkal2	Ltk
Alkal2	Alk
Igfl3	Igflr1
Alkal1	Ltk
Alkal1	Alk
Rspo2	Lgr5
Rspo2	Rnf43
Rspo2	Lgr4
Rspo2	Lgr6
Sostdc1	Lrp4
Sostdc1	Lrp5
Sostdc1	Lrp6
Il34	Ptprz1
Uts2b	Sstr5
Uts2b	Uts2r
Adm2	Ramp1
Adm2	Ramp2
Adm2	Ramp3
Adm2	Adrb2
Adm2	Adrb3
Adm2	Tshr
Adm2	Vipr1
Adm2	Adcyap1r1
Adm2	Pth1r
Adm2	Calcrl
Adm2	Gpr20
Adm2	Gpr84
Gdf7	Acvr2a_Bmpr1b
Gdf7	Acvr2b_Bmpr1b
Gdf7	Bmpr1b_Bmpr2
Gdf7	Acvr2a_Bmpr1a
Gdf7	Acvr2b_Bmpr1a
Gdf7	Bmpr1a_Bmpr2
Tac4	Tacr2
Ifne	Ifnar1_Ifnar2
Ifne	Adgrv1
Gphb5	Tshr
Sftpa1	Tlr2
Col27a1	Itga10_Itgb1
Col27a1	Itga2_Itgb1
Col27a1	Itga1_Itgb1
Col27a1	Itga11_Itgb1
Lgi2	Adam23
Lgi4	Adam23
Lgi3	Adam23
Npw	Adra2a
Npw	Mtnr1a
Npw	Npbwr1
Npw	Grm7
Fndc5	Itgav
Fndc5	Itgb5
Draxin	Dcc
Pcsk9	Ldlr
Pcsk9	Vldlr
Pcsk9	Aplp2
Pcsk9	Lrp1
Col22a1	Itga10_Itgb1
Col22a1	Itga2_Itgb1
Col22a1	Itga1_Itgb1
Col22a1	Itga11_Itgb1
Npb	Adra2a
Npb	Mtnr1a
Npb	Npbwr1
Npb	Grm7
Il1f10	Il1rap_Il1rl2
Il1f10	Il1r1
Il1f10	Sigirr
Il1f10	Il1rapl2
Il1f10	Il1rapl1
Rln3	Ramp2
Rln3	Ramp3
Rln3	Adrb2
Rln3	Adra2a
Rln3	Adrb3
Rln3	Tshr
Rln3	Vipr1
Rln3	Adcyap1r1
Rln3	Mtnr1a
Rln3	Pth1r
Rln3	Grm7
Rln3	Rxfp4
Rln3	Rxfp2
Rln3	Gpr20
Rln3	Rxfp1
Rln3	Gpr84
Rln3	Rxfp3
Fam3c	Ffar3
Fam3c	Ffar2
Fam3c	Lamp1
Fam3c	Lifr
Fam3c	Pdcd1
Fam3c	Adgrg5
Ccl17	Ccr4
Ccl17	Ccr8
Ccl17	Ackr1
Fgf13	Egfr
Fgf13	Fgfr1
Fgf13	Fgfr2
Fgf13	Fgfr4
Fgf13	Fgfr3
Prg4	Tlr4
Prg4	Tlr2
Prg4	Cd44
Wnt2b	Fzd9_Lrp5
Wnt2b	Fzd9_Lrp6
Wnt2b	Fzd6_Lrp5
Wnt2b	Fzd6_Lrp6
Wnt2b	Fzd7_Lrp5
Wnt2b	Fzd7_Lrp6
Wnt2b	Fzd5_Lrp5
Wnt2b	Fzd2_Lrp5
Wnt2b	Fzd8_Lrp5
Wnt2b	Fzd3_Lrp5
Wnt2b	Fzd4_Lrp5
Wnt2b	Fzd10_Lrp5
Wnt2b	Fzd1_Lrp5
Wnt2b	Fzd5_Lrp6
Wnt2b	Fzd2_Lrp6
Wnt2b	Fzd8_Lrp6
Wnt2b	Fzd3_Lrp6
Wnt2b	Fzd4_Lrp6
Wnt2b	Fzd10_Lrp6
Wnt2b	Fzd1_Lrp6
Wnt8b	Fzd9_Lrp5
Wnt8b	Fzd9_Lrp6
Wnt8b	Fzd6_Lrp5
Wnt8b	Fzd6_Lrp6
Wnt8b	Fzd7_Lrp5
Wnt8b	Fzd7_Lrp6
Wnt8b	Fzd5_Lrp5
Wnt8b	Fzd2_Lrp5
Wnt8b	Fzd8_Lrp5
Wnt8b	Fzd3_Lrp5
Wnt8b	Fzd4_Lrp5
Wnt8b	Fzd10_Lrp5
Wnt8b	Fzd1_Lrp5
Wnt8b	Fzd5_Lrp6
Wnt8b	Fzd2_Lrp6
Wnt8b	Fzd8_Lrp6
Wnt8b	Fzd3_Lrp6
Wnt8b	Fzd4_Lrp6
Wnt8b	Fzd10_Lrp6
Wnt8b	Fzd1_Lrp6
Tslp	Crlf2_Il7r_Tslp
Tslp	Crlf2_Il7r
Leap2	Ghsr
Ucn3	Crhr1
Ucn3	Il10rb
Ucn3	Crhr2
Col26a1	Itga10_Itgb1
Col26a1	Itga2_Itgb1
Col26a1	Itga1_Itgb1
Col26a1	Itga11_Itgb1
Pth2	Ramp2
Pth2	Ramp3
Pth2	Adrb2
Pth2	Adrb3
Pth2	Tshr
Pth2	Vipr1
Pth2	Adcyap1r1
Pth2	Pth2r
Pth2	Pth1r
Pth2	Gpr20
Pth2	Gpr84
Rgma	Bmpr1b
Rgma	Bmpr2
Rgma	Neo1
Rgma	Tfr2
Fam3d	Fpr1
Bcan	Egfr
Bcan	Nrcam
Sfrp2	Fzd5
Lrig1	Egfr
Lrig1	Met
Tafa4	Fpr1
Scgb3a1	Notch3
Ucn2	Crhr1
Ucn2	Il10rb
Ucn2	Crhr2
Nodal	Acvr1b_Acvr2a_Cfc1
Nodal	Acvr1c_Acvr2a_Cfc1
Nodal	Acvr1b_Acvr2b_Cfc1
Nodal	Acvr1b_Acvr2a
Nodal	Acvr1c_Acvr2a
Nodal	Acvr1b_Acvr2b
Nodal	Acvr1c_Acvr2b
Gpha2	Tshr
Gpha2	Adgrv1
Gpha2	Epha6
Hbegf	Egfr_Erbb2
Hbegf	Erbb2_Erbb4
Hbegf	Cd44
Hbegf	Prlr
Amelx	Cd63
Amelx	Lamp1
Amelx	Lamp2
Amelx	Cd63
Amelx	Lamp1
Amelx	Lamp2
Nell2	Robo3
Ccl11	Ccr2
Ccl11	Cxcr3
Ccl11	Ccr3
Ccl11	Ccr5
Ccl11	Ccr9
Ccl11	Ackr1
Ccl11	Ackr4
Col12a1	Itga10_Itgb1
Col12a1	Itga2_Itgb1
Col12a1	Itga1_Itgb1
Col12a1	Itga11_Itgb1
Ccl19	Ccrl2
Ccl19	Adra2a
Ccl19	Ccr7
Ccl19	Ccr10
Ccl19	Mtnr1a
Ccl19	Cxcr3
Ccl19	Grm7
Ccl19	Ackr4
Nrtn	Gfra2_Ret
Nrtn	Gfra1_Ret
Rarres2	Ccrl2
Rarres2	Cmklr1
Myoc	Fzd7
Myoc	Fzd3
Myoc	Fzd4
Myoc	Fzd10
Sema3c	Nrp1_Nrp2_Plxnd1
Sema3c	Nrp1_Plxna2
Sema3c	Nrp1_Plxna3
Sema3c	Nrp1_Plxna4
Sema3c	Nrp1_Plxna1
Sema3c	Nrp2_Plxna2
Sema3c	Nrp2_Plxna3
Sema3c	Nrp2_Plxna4
Sema3c	Nrp2_Plxna1
Gdf15	Ret
Gdf15	Tgfbr2
Gdf15	Gfral
Sost	Lrp4
Sost	Lrp5
Sost	Lrp6
Spx	Galr2
Spx	Galr3
Spon2	Itgb1
Spon2	Itga5
Spon2	Itgam
Spon2	Itga4
C1qtnf1	Avpr2
Rspo3	Lgr5
Rspo3	Lrp6
Rspo3	Lgr4
Rspo3	Fzd8
Rspo3	Lgr6
Angptl4	Itgav_Itgb3
Angptl4	Itga5_Itgb1
Angptl4	Sdc3
Angptl4	Sdc1
Angptl4	Cdh5
Angptl4	Sdc2
Angptl4	Tie1
Angptl4	Cdh11
Pdgfd	Pdgfra_Pdgfrb
Wnt10a	Fzd9_Lrp5
Wnt10a	Fzd9_Lrp6
Wnt10a	Fzd6_Lrp5
Wnt10a	Fzd6_Lrp6
Wnt10a	Fzd7_Lrp5
Wnt10a	Fzd7_Lrp6
Wnt10a	Fzd5_Lrp5
Wnt10a	Fzd2_Lrp5
Wnt10a	Fzd8_Lrp5
Wnt10a	Fzd3_Lrp5
Wnt10a	Fzd4_Lrp5
Wnt10a	Fzd10_Lrp5
Wnt10a	Fzd1_Lrp5
Wnt10a	Fzd5_Lrp6
Wnt10a	Fzd2_Lrp6
Wnt10a	Fzd8_Lrp6
Wnt10a	Fzd3_Lrp6
Wnt10a	Fzd4_Lrp6
Wnt10a	Fzd10_Lrp6
Wnt10a	Fzd1_Lrp6
Fgf23	Fgfr1
Fgf23	Fgfr2
Fgf23	Fgfr4
Fgf23	Fgfr3
Wnt8a	Fzd9_Lrp5
Wnt8a	Fzd9_Lrp6
Wnt8a	Fzd6_Lrp5
Wnt8a	Fzd6_Lrp6
Wnt8a	Fzd7_Lrp5
Wnt8a	Fzd7_Lrp6
Wnt8a	Fzd5_Lrp5
Wnt8a	Fzd2_Lrp5
Wnt8a	Fzd8_Lrp5
Wnt8a	Fzd3_Lrp5
Wnt8a	Fzd4_Lrp5
Wnt8a	Fzd10_Lrp5
Wnt8a	Fzd1_Lrp5
Wnt8a	Fzd5_Lrp6
Wnt8a	Fzd2_Lrp6
Wnt8a	Fzd8_Lrp6
Wnt8a	Fzd3_Lrp6
Wnt8a	Fzd4_Lrp6
Wnt8a	Fzd10_Lrp6
Wnt8a	Fzd1_Lrp6
Wnt5b	Fzd9_Lrp5
Wnt5b	Fzd9_Lrp6
Wnt5b	Fzd6_Lrp5
Wnt5b	Fzd6_Lrp6
Wnt5b	Fzd7_Lrp5
Wnt5b	Fzd7_Lrp6
Wnt5b	Fzd5_Lrp5
Wnt5b	Fzd2_Lrp5
Wnt5b	Fzd8_Lrp5
Wnt5b	Fzd3_Lrp5
Wnt5b	Fzd10_Lrp5
Wnt5b	Fzd1_Lrp5
Wnt5b	Fzd5_Lrp6
Wnt5b	Fzd2_Lrp6
Wnt5b	Fzd8_Lrp6
Wnt5b	Fzd3_Lrp6
Wnt5b	Fzd10_Lrp6
Wnt5b	Fzd1_Lrp6
Wnt5b	Fzd4
Il25	Il17ra_Il17rb
Mmrn2	Clec14a
Mmrn2	Cd248
Mmrn2	Cd93
Ntn4	Dcc
Ntn4	Unc5a
Il21	Il21r_Il2rg
Prok2	Prokr2
Prok2	Prokr1
Crlf2	Crlf2_Il7r_Tslp
Spon1	App
Spon1	Lrp8
Npvf	Npffr1
Npvf	Npffr2
Fgf22	Fgfr1
Fgf22	Fgfr2
Fgf22	Fgfrl1
Retn	Gpr25
Retn	Tlr4
Ambn	Cd63
Fgf20	Fgfr1
Fgf20	Fgfr2
Fgf20	Fgfr4
Fgf20	Fgfr3
Il23a	Il12rb2
Gdf3	Acvr1b_Acvr2a_Cfc1
Gdf3	Acvr1c_Acvr2a_Cfc1
Gdf3	Acvr1b_Acvr2b_Cfc1
Gdf3	Acvr1b_Acvr2a
Gdf3	Acvr1c_Acvr2a
Gdf3	Acvr1b_Acvr2b
Gdf3	Acvr1c_Acvr2b
Ccl28	Adra2a
Ccl28	Ccr10
Ccl28	Mtnr1a
Ccl28	Ccr3
Ccl28	Grm7
Enam	Cd63
Cytl1	Ccr2
Ltbp3	Itgb5
Sema3g	Nrp2_Plxna2
Sema3g	Nrp2_Plxna3
Sema3g	Nrp2_Plxna4
Sema3g	Nrp2_Plxna1
Fgf21	Fgfr1
Fgf21	Fgfr2
Fgf21	Fgfr4
Fgf21	Fgfr3
Fgf21	Klb
Il20	Il20rb_Il22ra1
Il20	Il20ra_Il20rb
Il36b	Il1rap_Il1rl2
Il36g	Il1rap_Il1rl2
Il17c	Il17ra_Il17re
Ifnk	Ifnar1_Ifnar2
Col20a1	Itga10_Itgb1
Col20a1	Itga2_Itgb1
Col20a1	Itga1_Itgb1
Col20a1	Itga11_Itgb1
Cntn3	Ptprg
Galp	Galr2
Galp	Galr3
Galp	Galr1
Xcl1	Xcr1
Clcf1	Cntfr_Il6st_Lifr
Clcf1	Crlf1
Il36rn	Il1rap_Il1rl2
Dkk3	Kremen1
Dkk4	Lrp5
Dkk4	Lrp6
Dkk4	Kremen2
Dkk4	Kremen1
Dkk2	Lrp5
Dkk2	Lrp6
Dkk2	Kremen2
Dkk2	Kremen1
Ghrl	Gpr39
Ghrl	Tbxa2r
Ghrl	Ptger3
Ghrl	Ptgir
Ghrl	Ghrhr
Ghrl	Ghsr
Wnt16	Fzd9_Lrp5
Wnt16	Fzd9_Lrp6
Wnt16	Fzd6_Lrp5
Wnt16	Fzd6_Lrp6
Wnt16	Fzd7_Lrp5
Wnt16	Fzd7_Lrp6
Wnt16	Fzd5_Lrp5
Wnt16	Fzd2_Lrp5
Wnt16	Fzd8_Lrp5
Wnt16	Fzd3_Lrp5
Wnt16	Fzd4_Lrp5
Wnt16	Fzd10_Lrp5
Wnt16	Fzd1_Lrp5
Wnt16	Fzd5_Lrp6
Wnt16	Fzd2_Lrp6
Wnt16	Fzd8_Lrp6
Wnt16	Fzd3_Lrp6
Wnt16	Fzd4_Lrp6
Wnt16	Fzd10_Lrp6
Wnt16	Fzd1_Lrp6
Il36a	Il1rap_Il1rl2
Il19	Il20ra_Il20rb
Tac2	Tacr2
Il17b	Il17rb
Pcsk1n	Gpr171
Gdf2	Acvr2a_Acvrl1
Gdf2	Acvr2b_Acvrl1
Gdf2	Acvrl1_Bmpr2
Gdf2	Acvr1
Angptl2	Itga5_Itgb1
Angptl2	Tlr4
Angptl2	Tie1
Apln	Adra2a
Apln	Aplnr
Apln	Mtnr1a
Apln	Grm7
Col17a1	Itga10_Itgb1
Col17a1	Itga2_Itgb1
Col17a1	Itga1_Itgb1
Col17a1	Itga11_Itgb1
Clec11a	Itga10
Clec11a	Itgb1
Clec11a	Itga11
Ccl26	Ccr2
Ccl26	Cx3cr1
Ccl26	Ccr3
Ccl26	Ccr5
Angpt4	Tie1
Angpt4	Tek
Angptl3	Itgav_Itgb3
Angptl3	Itga5
Insl5	Adra2a
Insl5	Mtnr1a
Insl5	Grm7
Insl5	Rxfp4
Insl5	Rxfp2
Insl5	Rxfp1
Insl5	Rxfp3
Wif1	Ryk
Wnt6	Fzd9_Lrp5
Wnt6	Fzd9_Lrp6
Wnt6	Fzd6_Lrp5
Wnt6	Fzd6_Lrp6
Wnt6	Fzd7_Lrp5
Wnt6	Fzd7_Lrp6
Wnt6	Fzd5_Lrp5
Wnt6	Fzd2_Lrp5
Wnt6	Fzd8_Lrp5
Wnt6	Fzd3_Lrp5
Wnt6	Fzd4_Lrp5
Wnt6	Fzd10_Lrp5
Wnt6	Fzd1_Lrp5
Wnt6	Fzd5_Lrp6
Wnt6	Fzd2_Lrp6
Wnt6	Fzd8_Lrp6
Wnt6	Fzd3_Lrp6
Wnt6	Fzd4_Lrp6
Wnt6	Fzd10_Lrp6
Wnt6	Fzd1_Lrp6
Cd70	Cd27
Efna2	Epha2
Efna3	Epha3
Efna2	Epha7
Efna3	Epha7
Efna2	Epha8
Efna3	Epha8
Efna2	Epha5
Efna3	Epha5
Efna3	Epha4
Efna2	Epha4
Efna3	Epha2
Ccl11	Ackr2
Ccl11	Ackr2
Ccl3	Ackr2
Ccl4	Ackr2
Ccl5	Ackr2
Efna2	Epha3
Efna2	Epha1
Ccl22	Dpp4
Wnt5a	Fzd1
Ccl11	Dpp4
Cxcl10	Dpp4
Cxcl11	Dpp4
Efna3	Epha1
Cxcl9	Dpp4
Cxcl12	Dpp4
Cxcl16	Cxcr6
Tnfsf10	Tnfrsf10b
Calca	Calcr
C3	C3ar1
Tnfsf8	Tnfrsf8
Tnfsf4	Tnfrsf4
Plau	Plaur
C3	Cr2
Ccl17	Ackr2
Ccl3	Pitpnm3
Ccl22	Ackr2
Ccl24	Ackr2
Cd72	Cd5
Cntf	Il6st_Lifr
Cntf	Cntfr_Il6st
Hmgb1	Havcr2
Il16	Cd9
Lgals1	Cd69
Sema4d	Cd72
Txlna	Stx3
Txlna	Stx4a
Txlna	Stx1a
Col8a1	Itga1_Itgb1
Col7a1	Itga1_Itgb1
Col5a3	Itga1_Itgb1
Col5a2	Itga1_Itgb1
Col5a1	Itga1_Itgb1
Col3a1	Itga1_Itgb1
Col18a1	Itga1_Itgb1
Col14a1	Itga1_Itgb1
Col11a1	Itga1_Itgb1
Col11a1	Itga2_Itgb1
Col14a1	Itga2_Itgb1
Col18a1	Itga2_Itgb1
Col3a1	Itga2_Itgb1
Col5a1	Itga2_Itgb1
Col5a2	Itga2_Itgb1
Col5a3	Itga2_Itgb1
Col7a1	Itga2_Itgb1
Col8a1	Itga2_Itgb1
Col11a1	Itga10_Itgb1
Col14a1	Itga10_Itgb1
Col18a1	Itga10_Itgb1
Col3a1	Itga10_Itgb1
Col5a1	Itga10_Itgb1
Col5a2	Itga10_Itgb1
Col5a3	Itga10_Itgb1
Col7a1	Itga10_Itgb1
Col8a1	Itga10_Itgb1
Col11a1	Itga11_Itgb1
Col14a1	Itga11_Itgb1
Col18a1	Itga11_Itgb1
Col3a1	Itga11_Itgb1
Col5a1	Itga11_Itgb1
Col5a2	Itga11_Itgb1
Col5a3	Itga11_Itgb1
Col7a1	Itga11_Itgb1
Col8a1	Itga11_Itgb1
Cd24a	Siglecg
Clec4g	Lag3
Gnai2	Mtnr1a
Gnrh1	Gnrhr
Shh	Hhip
Shh	Gas1
Psen1	Ncstn
Efna2	Epha6
Efna3	Epha6
Dhh	Hhip
Ihh	Hhip
Afdn	Ephb3
Gnai2	Ccr5
Adm	Calcr
Adm2	Calcr
Iapp	Calcr
Calcb	Calcr
Pros1	Axl
Hc	C5ar1
Rps19	C5ar1
Hc	C5ar2
Rarres2	Cmklr2
Pomc	Oprd1
Pdyn	Oprd1
Penk	Oprd1
Psap	Gpr37
Psap	Gpr37l1
Tac1	Tacr1
Tac2	Tacr1
Tac1	Tacr3
Tac2	Tacr3
Arf1	Pld2
Pros1	Tyro3
Gnas	Adrb2
Fga	Itgb1
Afdn	Epha7
Afdn	Ephb2
Afdn	Ephb6
Rspo1	Znrf3
Liph	Lpar2
Fgf13	Scn5a
Fgf13	Scn8a
Ntng2	Lrrc4
Rspo3	Sdc4
Rtn4	Lingo1
Cntn6	Notch1
Ntng1	Lrrc4c
Gnas	Gcgr
Gnai2	Adcy1
Fga	Itgax
Gpi1	Amfr
Cd38	Pecam1
Serpinc1	Lrp1
Gnas	Tshr
Mfng	Notch1
Mfng	Notch2
Adam12	Sdc4
F2	F2rl2
F2	F2r
F2	F2rl1
F2	F2rl3
Ren1	Atp6ap2
Apoe	Sorl1
Tfpi	Vldlr
Edn3	Kel
Omg	Lingo1
Gnas	Avpr2
a	Atrn
a	Mc1r
Psen1	Notch1
Fstl1	Dip2a
Gnas	Ptgdr
Hras	Insr
Hras	Cav1
Arf1	Insr
Grn	Sort1
F9	Lrp1
Timp1	Cd63
Sfrp1	Fzd2
Sfrp1	Fzd6
Plat	Lrp1
Tgfb1	Eng
Hgf	St14
Serpine1	Lrp2
Serpine1	Lrp1
Efnb3	Rhbdl2
Hbegf	Cd9
Ltf	Lrp1
Hrg	Fcgr1
Tfpi	Lrp1
Proc	Thbd
Tgfb3	Eng
Inhba	Eng
Efnb2	Rhbdl2
C3	Itgam
C3	Cd19
C3	Cd46
C3	C5ar2
C3	Itgax
C3	Cr1l
Vasp	Cxcr2
Slurp1	Chrna7
Omg	Rtn4rl1
Aanat	Mtnr1b
Aanat	Mtnr1a
Crp	Olr1
Nts	Sort1
Mmp7	Cd44
Mmp7	Cd151
Mmp7	Erbb4
Thbs1	Sdc4
Timp2	Itgb1
Fgf2	Sdc4
F13a1	Itga4
F13a1	Itgb1
Timp3	Agtr2
Igfbp4	Fzd8
Rspo2	Znrf3
Bmp6	Hjv
Scgb3a1	Marco
Shank1	Sstr2
Shank1	Adgrl1
Bmp10	Eng
Liph	Lpar1
Liph	Lpar4
Scgb3a2	Marco
Col14a1	Cd44
Il16	Kcnj15
Il16	Kcnj10
Col3a1	Ddr2
Col3a1	Mag
Col3a1	Ddr1
Cxcl10	Sdc4
Fgb	Itgam
Fgb	Itgb1
Fgb	Tlr4
Fga	Itgam
Fga	Itgb3
Fga	Tlr4
Has2	Hmmr
Has2	Cd44
Rgmb	Neo1
F2	Thbd
Ccl19	Ackr2
Lpl	Gpihbp1
Lpl	Sdc1
Lpl	Vldlr
Gnai2	Lpar3
Gnai2	Ednra
Gnai2	Adora1
Gnai2	C5ar1
Gnai2	Adra2b
Gnai2	F2r
Gnai2	Fpr1
Gnai2	Oprm1
Gnai2	Cav1
Gnai2	Tbxa2r
Gnai2	Cxcr2
Gnai2	Tshr
Gnai2	Agtr2
Gnai2	Cnr1
Fbn1	Itgb3
Fbn1	Itgb1
Psen1	Notch4
Bgn	Tlr4
Cthrc1	Fzd5
Cthrc1	Fzd6
Cthrc1	Fzd3
Fgg	Itgb1
Fgg	Tlr4
Rtn4	Tnfrsf19
Col9a3	Mag
Slpi	Plscr4
Hmgb1	Sdc1
Hmgb1	Thbd
Fn1	Mag
Col18a1	Gpc4
Col9a1	Mag
Gip	Dpp4
F8	Ldlr
Ccl28	Ackr2
Tgm2	Itgb1
Tgm2	Itgb3
Tgm2	Sdc4
Tgm2	Adgrg1
Cntf	Il6ra
Tgfb2	Eng
Efna3	Ephb1
Ngf	Sorcs3
Col11a1	Ddr1
Gnas	Crhr1
Rbp4	Stra6
Cel	Cxcr4
Mmp9	Cd44
Mmp9	Ephb2
Col9a2	Mag
Col5a2	Ddr1
Anxa1	Dysf
Agrn	Atp1a3
Col2a1	Mag
Ccl25	Ackr2
Tctn1	Tmem67
C4b	C5ar2
Lrpap1	Ldlr
Timp2	Itga3
Rtn4	Rtn4r
Omg	Rtn4r
Ltb	Tnfrsf1a
Pyy	Fap
Npy	Fap
Proc	Procr
Plg	Plgrkt
Hbegf	Cd82
Gnai2	Oprd1
Serpine2	Lrp1
Mmp13	Lrp1
Mmp9	Lrp1
Plau	Lrp1
Lrpap1	Lrp1
C3	Lrp1
C1qb	Lrp1
F8	Lrp1
Lpl	Lrp1
Lipc	Lrp1
Psap	Lrp1
a	Mc3r
Sftpa1	Cd93
Mbl2	Cd93
C1qa	Cd93
Pdgfb	Art1
Guca2b	Gucy2e
Arf1	Chrm3
Ngf	Sort1
Lrpap1	Sort1
Bdnf	Sort1
Psen1	Notch2
Gnai2	Mtnr1b
Fn1	Nt5e
Bgn	Tlr2
Lrpap1	Sorl1
Cp	Slc40a1
Igfbp4	Lrp6
F2	Itga2b
Fgg	Itga2b
Fga	Itga2b
Fgb	Itga2b
Il16	Grin2d
Psen1	Notch3
Gpc3	Cd81
Serping1	Selp
Cd24a	Selp
Plau	Lrp2
Lrpap1	Lrp2
Alb	Lrp2
Lpl	Lrp2
Lcn2	Lrp2
Timp3	Kdr
Col18a1	Kdr
Col18a1	Gpc1
Rtn4	Cntnap1
F13a1	Itga9
Gpc3	Igf1r
Gnai2	Igf1r
Gnai2	Egfr
Spink1	Egfr
Lin7c	Htr2c
Plau	St14
Gnai2	Adra2a
Matn1	Itga1
Pla2g10	Pla2r1
Fgg	Itga5
Fga	Itga5
Fgb	Itga5
Fbn1	Itga5
Col18a1	Itga5
Gnai2	Lhcgr
Gnas	Lhcgr
Pros1	Mertk
Ltbp1	Itgb5
Fat4	Dchs1
a	Mc4r
C4b	C3ar1
Tac4	Tacr3
Tac4	Tacr1
Lrpap1	Lrp8
Ahsg	Insr
F2	Gp9
Gnai2	P2ry12
a	Mc5r
Gnas	Vipr1
Rtn4	Rtn4rl1
Ptgs2	Ptgdr2
a	Mc2r
F10	F3
F7	F3
Bmp5	Hjv
Bmp2	Hjv
Ptgs2	Cav1
Mmp12	Plaur
Col5a1	Sdc3
F8	Asgr2
Edn2	Kel
Edn1	Kel
Plau	Igf2r
C4b	Cr1l
Ltb	Cd40
Ntf5	Bex3
Mdk	Sdc4
Ccl5	Sdc4
Bmp7	Eng
Gdf2	Eng
Bmp2	Eng
Pltp	Abca1
Mepe	Phex
Lrpap1	Vldlr
Vim	Cd44
Nampt	Insr
Adgrb1	Rtn4rl1
Adgrb1	Rtn4rl2
Bmp2	Rgmb
Bmp4	Cfc1
Bmp4	Rgmb
Bmp7	Hjv
Bsg	Slc16a1
Bsg	Slc16a7
C3	Nrp1
C4b	Nrp1
Cadm3	Cadm1
Crtam	Cadm1
Cadm1	Crtam
Nectin3	Cadm1
Ccn1	Sdc4
Cd52	Siglecg
L1cam	Cd9
Col18a1	Ptprs
Col5a3	Sdc3
Cthrc1	Ror2
Dnajb11	Prtg
Epo	Crlf3
Inhbb	Cfc1
Inhbb	Cfc1
Lgi1	Adam22
Lgi2	Adam22
Lgi3	Adam22
Lgi3	Flot1
Lgi3	Stx1a
Lgi4	Adam22
Ltf	Lrp11
Ly86	Cd180
Matn1	Itgb1
Myl9	Cd69
Myoc	Fzd1
Omg	Tnfrsf1b
Pdcd1lg2	Rgmb
Proc	Tek
Ptdss1	Jmjd6
Ptdss1	Scarb1
Rtn4	S1pr2
Serpinf1	Plxdc1
Serping1	Lrp1
Sertad1	Ar
Tor2a	Atp5f1b
Zp3	Chrna7
Calm1	Trpc3
S100a10	Trpv6
Fadd	Fas
Fadd	Tradd
Mfap5	Notch1
Calm1	Pde1a
Calm3	Pde1a
Calm1	Pde1b
Calm3	Pde1b
Calm1	Pde1c
Calm3	Pde1c
Gnas	Adcy1
Calm3	Grm7
Calm1	Grm7
Irak4	Tlr4
Megf10	Abca1
Tln1	Itgb3
Tln1	Itgb5
C1qb	C1qbp
Hmgb1	Ager
Gnas	Adrb3
Apoa1	Abca1
Calm3	Egfr
Calm1	Insr
Calm3	Insr
Hmgb1	Tlr4
Gnas	Htr6
Apob	Mttp
Itgb3bp	Itgb5
Itgb3bp	Itgb3
Hebp1	Adra2a
Hebp1	Mtnr1a
Hebp1	Grm7
Vcl	Itgb5
Vcl	Alk
Efna2	Epha10
Tcn2	Lrp2
Tcn2	Cnr1
Timp1	Fgfr2
Mmp2	Pecam1
Mmp2	Ccr2
Mmp2	Fgfr1
Plat	Itgam
Tgfb1	Cav1
Nampt	Adora2a
Serpine1	Plaur
Serpine1	Itgb5
Hc	Adra2a
Hc	Mtnr1a
Hc	Grm7
Selplg	Esam
Fgf6	Sdc4
Gnb3	Tgfbr1
Gnb3	Gabbr2
Hrg	Erbb2
Hrg	Erbb3
Tfpi	Sdc4
Tfpi	F3
Apob	Calcr
Proc	Itgam
Fgf23	Phex
Tnfsf10	Ripk1
Gstm7	Ryr2
Lypd3	Agr2
Bmp4	Hjv
Pspn	Gfra3
Tnfsf9	Traf2
Cd70	Tnfrsf13b
C3	Mtnr1a
C3	Grm7
C3	Adra2a
C3	Cd81
Tph1	Htr7
Tph1	Htr1a
Tph1	Htr1f
Tph1	Htr1d
Tph1	Htr2c
Tph1	Htr4
Tph1	Htr6
Tph1	Htr1b
Tph1	Htr2a
Tph1	Htr2b
Tph1	Htr5a
Lman1	Mcfd2
Apoe	Chrna4
Apoe	Abca1
Ncan	Cdh2
Ncan	Sdc3
Crp	Cr1l
Fst	Hjv
Cfc1	Acvr1b
Tgs1	Rxra
Mmp7	Sdc1
Adam10	Gpnmb
Adam10	Tspan5
Adam10	Cadm1
Adam10	Tspan14
Rims2	Abca1
Timp2	Cd44
Farp2	Plxna3
Farp2	Plxna1
Farp2	Plxna2
Farp2	Plxna4
Lamc2	Cd151
Wnt5a	Vangl2
Icam1	Cav1
Bst1	Cav1
Tnc	Sdc4
Egf	Cav1
Egf	Rhbdl2
Nptx2	Nptxr
Adam2	Cd9
Timp3	Cd44
Timp3	Met
Hdc	Hrh1
Hdc	Hrh2
Hdc	Hrh3
Cgn	Tgfbr2
Cgn	Ocln
Cgn	Tgfbr1
Lin7c	Abca1
Lin7c	Kcnj4
Il18	Il18bp
Qdpr	Dysf
Pigf	Flt1
Adamts3	Ccbe1
Pip	Aqp5
Calm3	Kcnq3
Calm3	Kcnq5
Calm3	Esr1
Calm3	Ryr2
Calm3	Gp6
Calm3	Scn10a
Calm3	Aqp6
Calm3	Grm5
Calm3	Ar
Calm3	Aqp1
Calm3	Scn4a
Tff2	Muc6
Tff1	Muc5ac
S100b	Ager
S100a1	Trpm3
S100a1	Ryr2
S100a1	Ryr1
S100a1	Tlr4
S100a1	Ager
Cxcl16	Grm7
Cxcl16	Mtnr1a
Fgf11	Fgfr2
Fgf11	Fgfr1
Arpc5	Adrb2
Arpc5	Ldlr
Camp	P2rx7
Spink1	Nrsn1
Fabp5	Rxra
Shh	Scube2
Arf6	Pld1
Arf6	Smap1
Angptl4	Gpihbp1
Fadd	Abca1
Il16	Grin2b
Il16	Kcnj4
Il16	Grin2a
Hspa4	Tlr4
Fgb	Itgb3
Fga	Plaur
Fga	Cdh5
Fga	Itgad
Nptx1	Nptxr
Rgmb	Hjv
Rgmb	Bmpr2
Rgmb	Bmpr1b
F2	Gp1bb
Lpl	Cd44
Efemp2	Aqp1
Efemp2	Plscr4
Gnai2	S1pr5
Gnai2	S1pr3
Gnai2	Unc5b
Gnai2	Ptpru
Gnai2	Cxcr3
Gnai2	Ednrb
Gnai2	Drd2
Gnai2	Adcy7
Agtrap	Rack1
Pkm	Cd44
Plg	Lpar1
Wnt11	Klrg2
Psen1	Cd44
Bgn	Tlr1
Izumo1	Cd9
Izumo1	Izumo1r
P4hb	Mttp
Fgg	Itgb3
Rtn4	Gjb2
Dmp1	Phex
Wnt7b	Tmed5
Icam4	Rhag
Hmgb1	Tlr9
Hmgb1	Cxcr4
Fn1	Dpp4
Col18a1	Itgb3
Calm1	Kcnq3
Calm1	Grm3
Calm1	Calcr
Calm1	Grm4
Calm1	Crhr1
Calm1	Hmmr
Calm1	Adcyap1r1
Calm1	Oprm1
Calm1	Ryr2
Calm1	Glp1r
Calm1	Scn10a
Calm1	Aqp6
Calm1	Ptpra
Calm1	Scn4a
Sema4f	Nrp2
Gad1	Grm4
Itih2	Fcer1a
Pyy	Dpp4
Tgm2	Itga4
Tgm2	Tbxa2r
Ptgs2	Alox5
Efna3	Ephb6
Efna3	Epha10
Ngf	Trpv1
Ngf	Maged1
Ngf	Bex3
Cd40lg	Traf3
Gnas	Glp1r
Gnas	Adcy7
Mmp9	Itgam
Mmp9	Reck
Sptan1	Ptpra
Plau	Itgam
Plau	Vldlr
Plau	Itgb1
F10	Itgam
Fgf14	Fgfr2
Fgf14	Fgfr1
Actr2	Ldlr
Lamb3	Cd151
Lgals9	Slc1a5
Pdcd1lg2	Pdcd2
Dscam	Dcc
Trf	Hfe
C1qtnf5	Mfrp
Hspa8	Ldlr
S100a10	Cftr
Shank2	Cftr
Plau	Itga3
Lgals8	Itga3
Col18a1	Itga3
Slpi	Cd4
Calm1	Sctr
Cd70	Tnfrsf17
Calml3	Kcnq1
Calm1	Kcnq1
Calm3	Kcnq1
Rtn4	Ngfr
Omg	Ngfr
Fam3c	Glra2
Rims1	Slc17a7
S100a8	Cd69
Cxcl13	Oprd1
Cfc1	Acvr2a
Gpc3	Lrp1
F12	Cd93
Gnai2	S1pr4
Tnfsf4	Traf2
Tnf	Traf2
Fadd	Traf2
Pcsk9	Sort1
Psap	Sort1
Ngf	Kidins220
Hdc	Hrh4
Lama1	Nt5e
Calm1	Mip
Lta	Ripk1
Cd14	Ripk1
Hmgb1	Tlr2
Ccn6	Sorl1
Mdk	Sorl1
a	Mgrn1
Calm1	Glp2r
Calm1	Trpc5
Calm3	Trpc5
Calm1	Kcnn4
Egf	Pld2
Arpc5	Lrp2
Gpc3	Lrp2
Cubn	Lrp2
Hspa8	Lrp2
Actr2	Lrp2
Serpinc1	Gpc1
Tgm2	Itga9
Agt	Enpep
Ncam1	Cacna1c
Rims1	Cacna1c
Calm1	Cacna1c
Calm3	Cacna1c
Scgb1a1	Lmbr1l
Camp	Igf1r
Mmp9	Ifnar1
Calm1	Pth2r
Nrtn	Gfra3
Gdnf	Gfra3
Camp	Egfr
Cntf	Egfr
Calm1	Htr2c
Ntng2	Lrrc4c
Spint1	St14
Sorbs1	Itga1
Fbn1	Itgb6
Sftpd	Ly96
Bgn	Ly96
Gnas	Adcy8
Gnai2	Adcy8
Calm3	Adcy8
Mdk	Gpc2
Plau	Itga5
Gnas	Adcy9
Gnai2	Adcy9
Plau	Itgb5
Sorbs1	Itgb5
Col18a1	Itgb5
Nucb2	Erap1
Rims1	Slc18a2
Hspa8	Adrb2
Actr2	Adrb2
Gnai2	S1pr1
Calm1	Grm5
Gnai2	Chrm1
Calm1	Gp6
Shbg	Gprc6a
Calm1	Aqp1
Pdx1	Slc2a2
Calm1	Vipr1
Calm1	Cnga2
Rgma	Hjv
Ccn1	Cav1
Wnt5b	Klrg2
Tnf	Tradd
Shbg	Slc37a1
Calm1	Kcnq5
Ptpn6	Clec12a
Calm1	Fas
Piga	Pigr
Mbl2	Calcr
Gsto1	Ryr1
Gcg	Dpp4
Nppb	Dpp4
Npy	Dpp4
Vip	Dpp4
Ada	Dpp4
Mmp9	Tlr9
Hras	Tlr9
C1qa	Cr1l
Gnas	Adora1
Ceacam16	Tectb
Bdnf	Bex3
Cxcl12	Sdc4
Lama1	Sdc4
Rims1	Slc18a3
Psap	Ar
Col8a2	Slc4a11
Sptbn2	Ptpra
Ncam1	Ptpra
Irak4	Tlr7
Apoc1	Vldlr
Ceacam16	Tecta
Tnf	Trpm2
Irak4	Tlr6
Fgf12	Fgfr1
Vegfc	Ccbe1
Fgf12	Fgfr2
Rgma	Hfe
Vegfa	Grin2b
Entpd1	Adora1
Entpd1	Adora2a
Entpd1	Adora2b
Alb	B2m_Fcgrt
Entpd1	Adora3
Gdf10	Bmpr2
Ptpn6	Egfr
Pdap1	Pdgfrb
Il16	Kcna3
Il16	Kcnd2
Serpina7	Slc16a2
Il16	Kcnd1
Il16	Grin2c
Adcyap1	Dpp4
Ccl26	Ackr2
Retn	Cap1
Nampt	Itga5_Itgb1
Angptl4	Sdc4
Mdk	Ncl
Ptn	Sdc4
Ptn	Ncl
C4b	Cr2
Slurp1	Chrnb2
Slurp1	Chrnb4
Slurp1	Chrna4
Slurp1	Chrna9
Slurp1	Chrna10
Slurp2	Chrnb2
Slurp2	Chrnb4
Slurp2	Chrna4
Slurp2	Chrna7
Gdf9	Fxyd6
Gdf9	Orai2
Lrp1b	Plaur
Psap	Celsr1
Ptn	Cdh10
Spp1	S1pr1
Il12b	Boc
Pcsk9	Cd81
Tac1	Dpp4
Plg	Trem2
Ltf	Treml2
F8	Lrp2
Ltf	Igdcc4
Pam	Dpp4
Fgf1	Itgb3
Tac1	Fap
Bdnf	Erbb2
Lep	Islr2
Nrg2	Mog
Cd40lg	Cd53
S100a4	Erbb3
Hapln1	Adgra2
Bmp5	Ptprd
Ado	Adora3
Tgfa	Ptprd
Sema3e	Nrp2
Fstl5	Ceacam19
Apoo	Il1rapl2
Amh	Grem2
Fstl5	Cd33
Pla2g2a	Erbb3
Btn1a1	Tarm1
Cnmd	Ptprd
Cntn4	Aplp1
Npy	Adrb1
Rspo3	Znrf3
Btn1a1	Negr1
Ltf	Tnfrsf11b
Sema3g	Gp6
Wfikkn2	Igdcc4
F12	Gp5
Fgf2	Itgb3
Cd40lg	Cd9
Bmp15	Tgfbr1
Wfikkn2	Prtg
Adm	Dclk3
Tnfsf9	Fcrl1
Angptl1	Itga1_Itgb1
Nr0b2	Fgfrl1
Grp	Fap
Vegfa	Cd44
Slitrk1	Tnfrsf11b
Timp3	Ddr1
Sparc	Fgfr1
Ngf	Erbb2
Slc6a8	Lifr
F11	Gp1bb
Sparc	Eng
Nrg1	Fcamr
Vwf	Itga4
Il23a	Cd33
Calca	Dclk3
Hapln1	Prtg
F11	Gp9
Lgals3	Eng
Nrg2	Nrp2
Hapln1	Treml2
Egf	Tnfrsf11b
Bmp4	Grem2
Nrg2	Lrrtm2
Rspo4	Znrf3
Cxcl10	Tlr4
Wfikkn2	Igdcc3
Pcsk9	Lrp8
F11	Gp5
Impg2	Prlr
Nrg2	Mpig6b
Vwf	Itgb1
Il21	Il4ra
Igfbpl1	Dcc
Igsf10	Mag
S100a10	Htr1b
Adm2	Dclk3
Fgb	Cdh5
Pcsk9	Cd36
Slitrk1	Enpep
Il5	Csf2ra
Fstl5	Cntn5
Kitl	Lrrn3
Il10	Cd27
Nppb	Fap
Vip	Adrb1
Rarres1	Nrp2
Bpi	Slamf9
Igsf1	Acvr1b
Frs3	Fgfr1
Socs2	Epor
Pi16	Mfap3l
Hapln1	Il1rl1
Gh	Epor
Il11	Il6ra
Vwf	Itga9
Tgfb1	Lpp
Adm	Ackr3
Hapln1	Igdcc4
Igsf10	Slamf9
Etv5	Erbb2
Ccl5	Dpp4
Calca	Ackr3
Gpc3	Flt1
Hapln1	Tnfrsf11b
Cntn6	Ptprg
Mbl2	C1qb
Ado	Adora2b
Scel	Eng
Apob	Trem2
Clcf1	Sorl1
Gpc3	Unc5c
F12	Gp9
Ghrh	Dpp4
Cntn4	Lvrn
Fstl5	Gp6
Ltf	Boc
Snx14	Htr6
Slit2	Plxna1
Ltf	Ager
Hapln1	Mpig6b
Wnt7b	Adgra2
Igfbp7	Mpig6b
Il10	Cd70
Ado	Adora1
F12	Gp1bb
Gdf11	Acvr1c
Gpc3	Vsig10l
Ifng	Mpl
Fstl5	Il6ra
Mbl2	Lrp1
Gcg	Fap
Hapln1	Ager
Il6	Musk
Ntn1	Dscam
Agrp	Mc1r
Il4	Il21r
Gip	Fap
Gpc3	Unc5d
Pla2g2a	Egfr
Nrg1	Siglece
Agrp	Sdc1
Pi16	Tnfrsf21
Igsf10	Milr1
Rspo1	Rnf43
Rspo4	Rnf43
Fstl5	Chl1
Wnt7a	Adgra2
Pomc	Mrap
Gpc3	Tnfrsf11b
Tnfsf10	Ccr6
Il23a	Gp6
Npy	Adrb2
Il6	Fcgr4
Lgals3	Mcam
Ltf	Il1rl1
Pam	Fap
Fstl5	Sdk2
Treml4	Siglece
F8	Lrp4
Rspo3	Rnf43
Scube2	Kdr
Dbp	Ackr1
Mfge8	Itgb5
C4b	Cd46
Bmp7	Acvr1b
Il3	Csf2ra
Il10	Ifnlr1
Ado	Adora2a
Entpd1	Tmigd3
Cntf	Crlf1
Nrg3	Egfr
Csf1	Csf2ra
Csf3	Csf2ra
Maml2	Notch2
Maml2	Notch3
Maml2	Notch1
Maml2	Notch4
Bmp6	Amhr2
Gdf11	Actr2
Inhba	Actr2
Bmp7	Actr2
Bmp2	Actr2
Bmp15	Actr2
Csf1	Csf3r
Il36g	Ifnar1
Il36g	Ifnar2
